ItemName,CurrentStore,StoreID,StockQty,DaysUntilExpiry,Recommendation,ActionQty,ActionPct,TargetStore,TransferQty
Bingo Mad Angles,Chennai,Chennai_0,92,6,MONITOR,27.0,29.3%,,
Multigrain Cookies,Kanpur,Kanpur_0,224,7,MONITOR,67.0,29.9%,,
Nestlé Yogurt 150g,Mumbai,Mumbai_0,201,4,MONITOR,60.0,29.9%,,
Tomato 1kg,Kanpur,Kanpur_1,204,0,DONATE,204.0,100.0%,,
Banana 6pcs,Mumbai,Mumbai_1,154,0,DONATE,154.0,100.0%,,
Nestlé Yogurt 150g,Delhi,Delhi_0,262,0,DONATE,262.0,100.0%,,
Lays Chips 100g,Kanpur,Kanpur_2,232,11,NONE,0.0,0%,,
Mutton Mince 250g,Bangalore,Bangalore_0,295,11,NONE,0.0,0%,,
Amul Milk 500ml,Chennai,Chennai_1,12,8,TRANSFER,,,Nearby High-Demand Store,6.0
Chicken Breast 500g,Delhi,Delhi_1,260,13,NONE,0.0,0%,,
Brown Bun Pack,Delhi,Delhi_2,32,5,MONITOR,9.0,28.1%,,
Mother Dairy Butter 100g,Kanpur,Kanpur_3,220,1,DISCOUNT,154.0,70.0%,,
Lays Chips 100g,Chennai,Chennai_2,144,2,DISCOUNT,100.0,69.4%,,
Kurkure Masala,Chennai,Chennai_3,59,1,DISCOUNT,41.0,69.5%,,
Brown Bun Pack,Chennai,Chennai_4,90,16,NONE,0.0,0%,,
Spinach Bunch,Kanpur,Kanpur_4,253,0,DONATE,253.0,100.0%,,
Spinach Bunch,Kanpur,Kanpur_5,145,0,DONATE,145.0,100.0%,,
Nestlé Yogurt 150g,Bangalore,Bangalore_1,267,0,DONATE,267.0,100.0%,,
Brown Bun Pack,Chennai,Chennai_5,247,11,TRANSFER,,,Nearby High-Demand Store,123.0
Fish Fillet 300g,Bangalore,Bangalore_2,228,5,MONITOR,68.0,29.8%,,
Mutton Mince 250g,Delhi,Delhi_3,265,0,DONATE,265.0,100.0%,,
Bingo Mad Angles,Mumbai,Mumbai_2,63,10,NONE,0.0,0%,,
Kurkure Masala,Chennai,Chennai_6,283,0,DONATE,283.0,100.0%,,
Lays Chips 100g,Kanpur,Kanpur_6,116,0,DONATE,116.0,100.0%,,
Chicken Breast 500g,Delhi,Delhi_4,47,3,DISCOUNT,32.0,68.1%,,
Brown Bun Pack,Mumbai,Mumbai_3,222,0,DONATE,222.0,100.0%,,
Mutton Mince 250g,Delhi,Delhi_5,96,9,NONE,0.0,0%,,
Kurkure Masala,Bangalore,Bangalore_3,224,14,NONE,0.0,0%,,
Multigrain Cookies,Kanpur,Kanpur_7,60,8,NONE,0.0,0%,,
White Bread,Bangalore,Bangalore_4,261,12,NONE,0.0,0%,,
Chicken Breast 500g,Delhi,Delhi_6,263,2,DISCOUNT,184.0,70.0%,,
Amul Milk 500ml,Bangalore,Bangalore_5,185,1,DISCOUNT,129.0,69.7%,,
Spinach Bunch,Delhi,Delhi_7,268,2,DISCOUNT,187.0,69.8%,,
Fish Fillet 300g,Bangalore,Bangalore_6,206,7,MONITOR,61.0,29.6%,,
Bingo Mad Angles,Delhi,Delhi_8,60,11,NONE,0.0,0%,,
Chicken Breast 500g,Kanpur,Kanpur_8,100,13,NONE,0.0,0%,,
Brown Bun Pack,Chennai,Chennai_7,39,8,TRANSFER,,,Nearby High-Demand Store,19.0
Fish Fillet 300g,Chennai,Chennai_8,40,3,DISCOUNT,28.0,70.0%,,
Kurkure Masala,Delhi,Delhi_9,148,0,DONATE,148.0,100.0%,,
Fish Fillet 300g,Mumbai,Mumbai_4,37,0,DONATE,37.0,100.0%,,
White Bread,Bangalore,Bangalore_7,162,10,NONE,0.0,0%,,
Bingo Mad Angles,Kanpur,Kanpur_9,289,15,NONE,0.0,0%,,
Mutton Mince 250g,Delhi,Delhi_10,271,12,TRANSFER,,,Nearby High-Demand Store,135.0
Amul Milk 500ml,Chennai,Chennai_9,11,6,MONITOR,3.0,27.3%,,
Nestlé Yogurt 150g,Delhi,Delhi_11,217,2,DISCOUNT,151.0,69.6%,,
Lays Chips 100g,Chennai,Chennai_10,165,2,DISCOUNT,115.0,69.7%,,
Bingo Mad Angles,Kanpur,Kanpur_10,26,2,DISCOUNT,18.0,69.2%,,
Spinach Bunch,Kanpur,Kanpur_11,115,1,DISCOUNT,80.0,69.6%,,
Brown Bun Pack,Kanpur,Kanpur_12,42,0,DONATE,42.0,100.0%,,
Mother Dairy Butter 100g,Bangalore,Bangalore_8,38,6,MONITOR,11.0,28.9%,,
Kurkure Masala,Delhi,Delhi_12,148,0,DONATE,148.0,100.0%,,
Multigrain Cookies,Kanpur,Kanpur_13,60,8,NONE,0.0,0%,,
Brown Bun Pack,Chennai,Chennai_11,90,16,NONE,0.0,0%,,
Mutton Mince 250g,Delhi,Delhi_13,271,12,TRANSFER,,,Nearby High-Demand Store,135.0
Mutton Mince 250g,Bangalore,Bangalore_9,295,11,NONE,0.0,0%,,
Mutton Mince 250g,Delhi,Delhi_14,265,0,DONATE,265.0,100.0%,,
Kurkure Masala,Delhi,Delhi_15,148,0,DONATE,148.0,100.0%,,
Brown Bun Pack,Chennai,Chennai_12,247,11,TRANSFER,,,Nearby High-Demand Store,123.0
Kurkure Masala,Chennai,Chennai_13,283,0,DONATE,283.0,100.0%,,
Brown Bun Pack,Delhi,Delhi_16,32,5,MONITOR,9.0,28.1%,,
Brown Bun Pack,Delhi,Delhi_17,32,5,MONITOR,9.0,28.1%,,
Lays Chips 100g,Kanpur,Kanpur_14,116,0,DONATE,116.0,100.0%,,
Chicken Breast 500g,Kanpur,Kanpur_15,100,13,NONE,0.0,0%,,
Fish Fillet 300g,Mumbai,Mumbai_5,37,0,DONATE,37.0,100.0%,,
Lays Chips 100g,Kanpur,Kanpur_16,116,0,DONATE,116.0,100.0%,,
Nestlé Yogurt 150g,Mumbai,Mumbai_6,201,4,MONITOR,60.0,29.9%,,
Bingo Mad Angles,Mumbai,Mumbai_7,63,10,NONE,0.0,0%,,
Multigrain Cookies,Kanpur,Kanpur_17,224,7,MONITOR,67.0,29.9%,,
Lays Chips 100g,Kanpur,Kanpur_18,116,0,DONATE,116.0,100.0%,,
Amul Milk 500ml,Chennai,Chennai_14,11,6,MONITOR,3.0,27.3%,,
White Bread,Bangalore,Bangalore_10,261,12,NONE,0.0,0%,,
Fish Fillet 300g,Chennai,Chennai_15,40,3,DISCOUNT,28.0,70.0%,,
Multigrain Cookies,Kanpur,Kanpur_19,224,7,MONITOR,67.0,29.9%,,
Mutton Mince 250g,Delhi,Delhi_18,265,0,DONATE,265.0,100.0%,,
Spinach Bunch,Delhi,Delhi_19,268,2,DISCOUNT,187.0,69.8%,,
Mother Dairy Butter 100g,Kanpur,Kanpur_20,220,1,DISCOUNT,154.0,70.0%,,
Bingo Mad Angles,Mumbai,Mumbai_8,63,10,NONE,0.0,0%,,
Amul Milk 500ml,Chennai,Chennai_16,11,6,MONITOR,3.0,27.3%,,
Chicken Breast 500g,Delhi,Delhi_20,47,3,DISCOUNT,32.0,68.1%,,
Brown Bun Pack,Kanpur,Kanpur_21,42,0,DONATE,42.0,100.0%,,
Mutton Mince 250g,Delhi,Delhi_21,96,9,NONE,0.0,0%,,
Bingo Mad Angles,Kanpur,Kanpur_22,289,15,NONE,0.0,0%,,
Kurkure Masala,Bangalore,Bangalore_11,224,14,NONE,0.0,0%,,
Spinach Bunch,Kanpur,Kanpur_23,253,0,DONATE,253.0,100.0%,,
Brown Bun Pack,Chennai,Chennai_17,90,16,NONE,0.0,0%,,
Bingo Mad Angles,Kanpur,Kanpur_24,26,2,DISCOUNT,18.0,69.2%,,
Amul Milk 500ml,Chennai,Chennai_18,11,6,MONITOR,3.0,27.3%,,
Nestlé Yogurt 150g,Mumbai,Mumbai_9,201,4,MONITOR,60.0,29.9%,,
Brown Bun Pack,Chennai,Chennai_19,39,8,TRANSFER,,,Nearby High-Demand Store,19.0
Lays Chips 100g,Kanpur,Kanpur_25,232,11,NONE,0.0,0%,,
Mutton Mince 250g,Delhi,Delhi_22,265,0,DONATE,265.0,100.0%,,
Amul Milk 500ml,Chennai,Chennai_20,12,8,TRANSFER,,,Nearby High-Demand Store,6.0
Kurkure Masala,Delhi,Delhi_23,148,0,DONATE,148.0,100.0%,,
Nestlé Yogurt 150g,Bangalore,Bangalore_12,267,0,DONATE,267.0,100.0%,,
Tomato 1kg,Kanpur,Kanpur_26,204,0,DONATE,204.0,100.0%,,
Chicken Breast 500g,Delhi,Delhi_24,47,3,DISCOUNT,32.0,68.1%,,
Kurkure Masala,Chennai,Chennai_21,59,1,DISCOUNT,41.0,69.5%,,
Mother Dairy Butter 100g,Bangalore,Bangalore_13,38,6,MONITOR,11.0,28.9%,,
Amul Milk 500ml,Chennai,Chennai_22,12,8,TRANSFER,,,Nearby High-Demand Store,6.0
Brown Bun Pack,Mumbai,Mumbai_10,222,0,DONATE,222.0,100.0%,,
Multigrain Cookies,Kanpur,Kanpur_27,224,7,MONITOR,67.0,29.9%,,
Fish Fillet 300g,Bangalore,Bangalore_14,228,5,MONITOR,68.0,29.8%,,
Kurkure Masala,Bangalore,Bangalore_15,224,14,NONE,0.0,0%,,
Bingo Mad Angles,Kanpur,Kanpur_28,26,2,DISCOUNT,18.0,69.2%,,
Lays Chips 100g,Kanpur,Kanpur_29,232,11,NONE,0.0,0%,,
Amul Milk 500ml,Chennai,Chennai_23,11,6,MONITOR,3.0,27.3%,,
Mutton Mince 250g,Bangalore,Bangalore_16,295,11,NONE,0.0,0%,,
Bingo Mad Angles,Kanpur,Kanpur_30,26,2,DISCOUNT,18.0,69.2%,,
Bingo Mad Angles,Delhi,Delhi_25,60,11,NONE,0.0,0%,,
Kurkure Masala,Chennai,Chennai_24,59,1,DISCOUNT,41.0,69.5%,,
Spinach Bunch,Kanpur,Kanpur_31,145,0,DONATE,145.0,100.0%,,
Chicken Breast 500g,Kanpur,Kanpur_32,100,13,NONE,0.0,0%,,
Mother Dairy Butter 100g,Bangalore,Bangalore_17,38,6,MONITOR,11.0,28.9%,,
Fish Fillet 300g,Mumbai,Mumbai_11,37,0,DONATE,37.0,100.0%,,
Tomato 1kg,Kanpur,Kanpur_33,204,0,DONATE,204.0,100.0%,,
Multigrain Cookies,Kanpur,Kanpur_34,224,7,MONITOR,67.0,29.9%,,
Nestlé Yogurt 150g,Delhi,Delhi_26,262,0,DONATE,262.0,100.0%,,
Bingo Mad Angles,Kanpur,Kanpur_35,289,15,NONE,0.0,0%,,
Tomato 1kg,Kanpur,Kanpur_36,204,0,DONATE,204.0,100.0%,,
Multigrain Cookies,Kanpur,Kanpur_37,60,8,NONE,0.0,0%,,
Nestlé Yogurt 150g,Bangalore,Bangalore_18,267,0,DONATE,267.0,100.0%,,
Brown Bun Pack,Mumbai,Mumbai_12,222,0,DONATE,222.0,100.0%,,
Amul Milk 500ml,Chennai,Chennai_25,11,6,MONITOR,3.0,27.3%,,
Fish Fillet 300g,Bangalore,Bangalore_19,206,7,MONITOR,61.0,29.6%,,
Chicken Breast 500g,Delhi,Delhi_27,260,13,NONE,0.0,0%,,
Chicken Breast 500g,Kanpur,Kanpur_38,100,13,NONE,0.0,0%,,
Kurkure Masala,Chennai,Chennai_26,59,1,DISCOUNT,41.0,69.5%,,
Chicken Breast 500g,Delhi,Delhi_28,263,2,DISCOUNT,184.0,70.0%,,
Spinach Bunch,Kanpur,Kanpur_39,115,1,DISCOUNT,80.0,69.6%,,
Brown Bun Pack,Chennai,Chennai_27,90,16,NONE,0.0,0%,,
Mutton Mince 250g,Bangalore,Bangalore_20,295,11,NONE,0.0,0%,,
Kurkure Masala,Chennai,Chennai_28,59,1,DISCOUNT,41.0,69.5%,,
Kurkure Masala,Chennai,Chennai_29,283,0,DONATE,283.0,100.0%,,
Fish Fillet 300g,Mumbai,Mumbai_13,37,0,DONATE,37.0,100.0%,,
Mutton Mince 250g,Delhi,Delhi_29,265,0,DONATE,265.0,100.0%,,
Spinach Bunch,Kanpur,Kanpur_40,253,0,DONATE,253.0,100.0%,,
Nestlé Yogurt 150g,Delhi,Delhi_30,217,2,DISCOUNT,151.0,69.6%,,
Nestlé Yogurt 150g,Bangalore,Bangalore_21,267,0,DONATE,267.0,100.0%,,
Bingo Mad Angles,Kanpur,Kanpur_41,26,2,DISCOUNT,18.0,69.2%,,
Lays Chips 100g,Kanpur,Kanpur_42,116,0,DONATE,116.0,100.0%,,
Brown Bun Pack,Mumbai,Mumbai_14,222,0,DONATE,222.0,100.0%,,
Chicken Breast 500g,Delhi,Delhi_31,47,3,DISCOUNT,32.0,68.1%,,
Nestlé Yogurt 150g,Delhi,Delhi_32,217,2,DISCOUNT,151.0,69.6%,,
White Bread,Bangalore,Bangalore_22,162,10,NONE,0.0,0%,,
Multigrain Cookies,Kanpur,Kanpur_43,60,8,NONE,0.0,0%,,
Brown Bun Pack,Chennai,Chennai_30,90,16,NONE,0.0,0%,,
Nestlé Yogurt 150g,Delhi,Delhi_33,217,2,DISCOUNT,151.0,69.6%,,
Bingo Mad Angles,Chennai,Chennai_31,92,6,MONITOR,27.0,29.3%,,
Chicken Breast 500g,Delhi,Delhi_34,47,3,DISCOUNT,32.0,68.1%,,
Lays Chips 100g,Kanpur,Kanpur_44,232,11,NONE,0.0,0%,,
Amul Milk 500ml,Chennai,Chennai_32,12,8,TRANSFER,,,Nearby High-Demand Store,6.0
Lays Chips 100g,Kanpur,Kanpur_45,116,0,DONATE,116.0,100.0%,,
Bingo Mad Angles,Chennai,Chennai_33,92,6,MONITOR,27.0,29.3%,,
Amul Milk 500ml,Chennai,Chennai_34,11,6,MONITOR,3.0,27.3%,,
Mutton Mince 250g,Bangalore,Bangalore_23,295,11,NONE,0.0,0%,,
Lays Chips 100g,Kanpur,Kanpur_46,116,0,DONATE,116.0,100.0%,,
Brown Bun Pack,Delhi,Delhi_35,32,5,MONITOR,9.0,28.1%,,
Spinach Bunch,Kanpur,Kanpur_47,145,0,DONATE,145.0,100.0%,,
Mutton Mince 250g,Bangalore,Bangalore_24,295,11,NONE,0.0,0%,,
Bingo Mad Angles,Delhi,Delhi_36,60,11,NONE,0.0,0%,,
Bingo Mad Angles,Delhi,Delhi_37,60,11,NONE,0.0,0%,,
Spinach Bunch,Delhi,Delhi_38,268,2,DISCOUNT,187.0,69.8%,,
Banana 6pcs,Mumbai,Mumbai_15,154,0,DONATE,154.0,100.0%,,
Bingo Mad Angles,Kanpur,Kanpur_48,289,15,NONE,0.0,0%,,
Kurkure Masala,Delhi,Delhi_39,148,0,DONATE,148.0,100.0%,,
White Bread,Bangalore,Bangalore_25,162,10,NONE,0.0,0%,,
Kurkure Masala,Bangalore,Bangalore_26,224,14,NONE,0.0,0%,,
Lays Chips 100g,Kanpur,Kanpur_49,232,11,NONE,0.0,0%,,
Amul Milk 500ml,Chennai,Chennai_35,12,8,TRANSFER,,,Nearby High-Demand Store,6.0
Mutton Mince 250g,Bangalore,Bangalore_27,295,11,NONE,0.0,0%,,
Mother Dairy Butter 100g,Kanpur,Kanpur_50,220,1,DISCOUNT,154.0,70.0%,,
Fish Fillet 300g,Bangalore,Bangalore_28,206,7,MONITOR,61.0,29.6%,,
Spinach Bunch,Delhi,Delhi_40,268,2,DISCOUNT,187.0,69.8%,,
Spinach Bunch,Kanpur,Kanpur_51,115,1,DISCOUNT,80.0,69.6%,,
Kurkure Masala,Chennai,Chennai_36,283,0,DONATE,283.0,100.0%,,
Lays Chips 100g,Kanpur,Kanpur_52,116,0,DONATE,116.0,100.0%,,
Brown Bun Pack,Chennai,Chennai_37,39,8,TRANSFER,,,Nearby High-Demand Store,19.0
Bingo Mad Angles,Delhi,Delhi_41,60,11,NONE,0.0,0%,,
Amul Milk 500ml,Chennai,Chennai_38,11,6,MONITOR,3.0,27.3%,,
Fish Fillet 300g,Mumbai,Mumbai_16,37,0,DONATE,37.0,100.0%,,
Bingo Mad Angles,Mumbai,Mumbai_17,63,10,NONE,0.0,0%,,
Mutton Mince 250g,Delhi,Delhi_42,96,9,NONE,0.0,0%,,
Bingo Mad Angles,Delhi,Delhi_43,60,11,NONE,0.0,0%,,
Bingo Mad Angles,Chennai,Chennai_39,92,6,MONITOR,27.0,29.3%,,
Bingo Mad Angles,Delhi,Delhi_44,60,11,NONE,0.0,0%,,
Brown Bun Pack,Chennai,Chennai_40,39,8,TRANSFER,,,Nearby High-Demand Store,19.0
Bingo Mad Angles,Kanpur,Kanpur_53,26,2,DISCOUNT,18.0,69.2%,,
Kurkure Masala,Chennai,Chennai_41,59,1,DISCOUNT,41.0,69.5%,,
Nestlé Yogurt 150g,Mumbai,Mumbai_18,201,4,MONITOR,60.0,29.9%,,
Bingo Mad Angles,Chennai,Chennai_42,92,6,MONITOR,27.0,29.3%,,
Banana 6pcs,Mumbai,Mumbai_19,154,0,DONATE,154.0,100.0%,,
Brown Bun Pack,Mumbai,Mumbai_20,222,0,DONATE,222.0,100.0%,,
Kurkure Masala,Chennai,Chennai_43,59,1,DISCOUNT,41.0,69.5%,,
Kurkure Masala,Delhi,Delhi_45,148,0,DONATE,148.0,100.0%,,
Mutton Mince 250g,Delhi,Delhi_46,96,9,NONE,0.0,0%,,
Amul Milk 500ml,Chennai,Chennai_44,12,8,TRANSFER,,,Nearby High-Demand Store,6.0
Brown Bun Pack,Chennai,Chennai_45,90,16,NONE,0.0,0%,,
Brown Bun Pack,Chennai,Chennai_46,90,16,NONE,0.0,0%,,
Brown Bun Pack,Mumbai,Mumbai_21,222,0,DONATE,222.0,100.0%,,
Bingo Mad Angles,Kanpur,Kanpur_54,289,15,NONE,0.0,0%,,
Lays Chips 100g,Chennai,Chennai_47,144,2,DISCOUNT,100.0,69.4%,,
Amul Milk 500ml,Bangalore,Bangalore_29,185,1,DISCOUNT,129.0,69.7%,,
Kurkure Masala,Delhi,Delhi_47,148,0,DONATE,148.0,100.0%,,
Brown Bun Pack,Kanpur,Kanpur_55,42,0,DONATE,42.0,100.0%,,
Amul Milk 500ml,Bangalore,Bangalore_30,185,1,DISCOUNT,129.0,69.7%,,
Tomato 1kg,Kanpur,Kanpur_56,204,0,DONATE,204.0,100.0%,,
White Bread,Bangalore,Bangalore_31,261,12,NONE,0.0,0%,,
Brown Bun Pack,Chennai,Chennai_48,39,8,TRANSFER,,,Nearby High-Demand Store,19.0
Kurkure Masala,Chennai,Chennai_49,283,0,DONATE,283.0,100.0%,,
Kurkure Masala,Delhi,Delhi_48,148,0,DONATE,148.0,100.0%,,
Nestlé Yogurt 150g,Delhi,Delhi_49,217,2,DISCOUNT,151.0,69.6%,,
Brown Bun Pack,Chennai,Chennai_50,90,16,NONE,0.0,0%,,
Mutton Mince 250g,Delhi,Delhi_50,271,12,TRANSFER,,,Nearby High-Demand Store,135.0
Multigrain Cookies,Kanpur,Kanpur_57,60,8,NONE,0.0,0%,,
Chicken Breast 500g,Kanpur,Kanpur_58,100,13,NONE,0.0,0%,,
Lays Chips 100g,Chennai,Chennai_51,144,2,DISCOUNT,100.0,69.4%,,
Amul Milk 500ml,Bangalore,Bangalore_32,185,1,DISCOUNT,129.0,69.7%,,
Lays Chips 100g,Kanpur,Kanpur_59,232,11,NONE,0.0,0%,,
Bingo Mad Angles,Mumbai,Mumbai_22,63,10,NONE,0.0,0%,,
Kurkure Masala,Bangalore,Bangalore_33,224,14,NONE,0.0,0%,,
Multigrain Cookies,Kanpur,Kanpur_60,224,7,MONITOR,67.0,29.9%,,
Bingo Mad Angles,Kanpur,Kanpur_61,289,15,NONE,0.0,0%,,
Nestlé Yogurt 150g,Delhi,Delhi_51,217,2,DISCOUNT,151.0,69.6%,,
Nestlé Yogurt 150g,Delhi,Delhi_52,262,0,DONATE,262.0,100.0%,,
Kurkure Masala,Bangalore,Bangalore_34,224,14,NONE,0.0,0%,,
Kurkure Masala,Bangalore,Bangalore_35,224,14,NONE,0.0,0%,,
Amul Milk 500ml,Chennai,Chennai_52,11,6,MONITOR,3.0,27.3%,,
Amul Milk 500ml,Chennai,Chennai_53,11,6,MONITOR,3.0,27.3%,,
Fish Fillet 300g,Bangalore,Bangalore_36,228,5,MONITOR,68.0,29.8%,,
White Bread,Bangalore,Bangalore_37,261,12,NONE,0.0,0%,,
Brown Bun Pack,Delhi,Delhi_53,32,5,MONITOR,9.0,28.1%,,
Kurkure Masala,Bangalore,Bangalore_38,224,14,NONE,0.0,0%,,
Chicken Breast 500g,Delhi,Delhi_54,47,3,DISCOUNT,32.0,68.1%,,
Kurkure Masala,Delhi,Delhi_55,148,0,DONATE,148.0,100.0%,,
Spinach Bunch,Delhi,Delhi_56,268,2,DISCOUNT,187.0,69.8%,,
Bingo Mad Angles,Chennai,Chennai_54,92,6,MONITOR,27.0,29.3%,,
Mutton Mince 250g,Delhi,Delhi_57,96,9,NONE,0.0,0%,,
Lays Chips 100g,Chennai,Chennai_55,144,2,DISCOUNT,100.0,69.4%,,
White Bread,Bangalore,Bangalore_39,162,10,NONE,0.0,0%,,
Nestlé Yogurt 150g,Mumbai,Mumbai_23,201,4,MONITOR,60.0,29.9%,,
Kurkure Masala,Delhi,Delhi_58,148,0,DONATE,148.0,100.0%,,
Nestlé Yogurt 150g,Delhi,Delhi_59,262,0,DONATE,262.0,100.0%,,
Mutton Mince 250g,Bangalore,Bangalore_40,295,11,NONE,0.0,0%,,
Mutton Mince 250g,Delhi,Delhi_60,96,9,NONE,0.0,0%,,
Amul Milk 500ml,Chennai,Chennai_56,12,8,TRANSFER,,,Nearby High-Demand Store,6.0
Brown Bun Pack,Chennai,Chennai_57,39,8,TRANSFER,,,Nearby High-Demand Store,19.0
Spinach Bunch,Delhi,Delhi_61,268,2,DISCOUNT,187.0,69.8%,,
Bingo Mad Angles,Kanpur,Kanpur_62,289,15,NONE,0.0,0%,,
Amul Milk 500ml,Chennai,Chennai_58,11,6,MONITOR,3.0,27.3%,,
Lays Chips 100g,Kanpur,Kanpur_63,116,0,DONATE,116.0,100.0%,,
Brown Bun Pack,Chennai,Chennai_59,90,16,NONE,0.0,0%,,
Amul Milk 500ml,Bangalore,Bangalore_41,185,1,DISCOUNT,129.0,69.7%,,
Amul Milk 500ml,Bangalore,Bangalore_42,185,1,DISCOUNT,129.0,69.7%,,
Lays Chips 100g,Kanpur,Kanpur_64,116,0,DONATE,116.0,100.0%,,
White Bread,Bangalore,Bangalore_43,162,10,NONE,0.0,0%,,
Brown Bun Pack,Kanpur,Kanpur_65,42,0,DONATE,42.0,100.0%,,
Brown Bun Pack,Kanpur,Kanpur_66,42,0,DONATE,42.0,100.0%,,
Mother Dairy Butter 100g,Kanpur,Kanpur_67,220,1,DISCOUNT,154.0,70.0%,,
Kurkure Masala,Delhi,Delhi_62,148,0,DONATE,148.0,100.0%,,
Multigrain Cookies,Kanpur,Kanpur_68,224,7,MONITOR,67.0,29.9%,,
Nestlé Yogurt 150g,Mumbai,Mumbai_24,201,4,MONITOR,60.0,29.9%,,
Brown Bun Pack,Kanpur,Kanpur_69,42,0,DONATE,42.0,100.0%,,
Brown Bun Pack,Chennai,Chennai_60,39,8,TRANSFER,,,Nearby High-Demand Store,19.0
Brown Bun Pack,Kanpur,Kanpur_70,42,0,DONATE,42.0,100.0%,,
Spinach Bunch,Kanpur,Kanpur_71,145,0,DONATE,145.0,100.0%,,
Brown Bun Pack,Kanpur,Kanpur_72,42,0,DONATE,42.0,100.0%,,
Multigrain Cookies,Kanpur,Kanpur_73,224,7,MONITOR,67.0,29.9%,,
Multigrain Cookies,Kanpur,Kanpur_74,224,7,MONITOR,67.0,29.9%,,
Kurkure Masala,Bangalore,Bangalore_44,224,14,NONE,0.0,0%,,
Kurkure Masala,Chennai,Chennai_61,283,0,DONATE,283.0,100.0%,,
Brown Bun Pack,Chennai,Chennai_62,39,8,TRANSFER,,,Nearby High-Demand Store,19.0
Amul Milk 500ml,Bangalore,Bangalore_45,185,1,DISCOUNT,129.0,69.7%,,
Spinach Bunch,Delhi,Delhi_63,268,2,DISCOUNT,187.0,69.8%,,
Bingo Mad Angles,Chennai,Chennai_63,92,6,MONITOR,27.0,29.3%,,
Brown Bun Pack,Chennai,Chennai_64,247,11,TRANSFER,,,Nearby High-Demand Store,123.0
Multigrain Cookies,Kanpur,Kanpur_75,224,7,MONITOR,67.0,29.9%,,
Amul Milk 500ml,Chennai,Chennai_65,11,6,MONITOR,3.0,27.3%,,
Brown Bun Pack,Mumbai,Mumbai_25,222,0,DONATE,218.0,98.2%,,
Amul Milk 500ml,Bangalore,Bangalore_46,185,1,DISCOUNT,129.0,69.7%,,
Nestlé Yogurt 150g,Delhi,Delhi_64,262,0,DONATE,262.0,100.0%,,
Amul Milk 500ml,Bangalore,Bangalore_47,185,1,DISCOUNT,129.0,69.7%,,
Tomato 1kg,Kanpur,Kanpur_76,204,0,DONATE,204.0,100.0%,,
Brown Bun Pack,Delhi,Delhi_65,32,5,MONITOR,9.0,28.1%,,
Spinach Bunch,Kanpur,Kanpur_77,145,0,DONATE,145.0,100.0%,,
Fish Fillet 300g,Chennai,Chennai_66,40,3,DISCOUNT,28.0,70.0%,,
Lays Chips 100g,Kanpur,Kanpur_78,116,0,DONATE,116.0,100.0%,,
Banana 6pcs,Mumbai,Mumbai_26,154,0,DONATE,154.0,100.0%,,
Fish Fillet 300g,Bangalore,Bangalore_48,206,7,MONITOR,61.0,29.6%,,
Nestlé Yogurt 150g,Delhi,Delhi_66,262,0,DONATE,262.0,100.0%,,
Bingo Mad Angles,Mumbai,Mumbai_27,63,10,NONE,0.0,0%,,
Brown Bun Pack,Delhi,Delhi_67,32,5,MONITOR,9.0,28.1%,,
Spinach Bunch,Kanpur,Kanpur_79,115,1,DISCOUNT,80.0,69.6%,,
Spinach Bunch,Kanpur,Kanpur_80,253,0,DONATE,253.0,100.0%,,
Spinach Bunch,Delhi,Delhi_68,268,2,DISCOUNT,187.0,69.8%,,
Amul Milk 500ml,Chennai,Chennai_67,12,8,TRANSFER,,,Nearby High-Demand Store,6.0
Nestlé Yogurt 150g,Delhi,Delhi_69,262,0,DONATE,262.0,100.0%,,
Spinach Bunch,Kanpur,Kanpur_81,253,0,DONATE,253.0,100.0%,,
Multigrain Cookies,Kanpur,Kanpur_82,60,8,NONE,0.0,0%,,
Nestlé Yogurt 150g,Mumbai,Mumbai_28,201,4,MONITOR,60.0,29.9%,,
Fish Fillet 300g,Bangalore,Bangalore_49,228,5,MONITOR,68.0,29.8%,,
Chicken Breast 500g,Kanpur,Kanpur_83,100,13,NONE,0.0,0%,,
Brown Bun Pack,Chennai,Chennai_68,247,11,TRANSFER,,,Nearby High-Demand Store,123.0
Brown Bun Pack,Mumbai,Mumbai_29,222,0,DONATE,222.0,100.0%,,
Nestlé Yogurt 150g,Mumbai,Mumbai_30,201,4,MONITOR,60.0,29.9%,,
Brown Bun Pack,Chennai,Chennai_69,247,11,TRANSFER,,,Nearby High-Demand Store,123.0
Fish Fillet 300g,Bangalore,Bangalore_50,228,5,MONITOR,68.0,29.8%,,
Amul Milk 500ml,Bangalore,Bangalore_51,185,1,DISCOUNT,129.0,69.7%,,
Lays Chips 100g,Kanpur,Kanpur_84,232,11,NONE,0.0,0%,,
White Bread,Bangalore,Bangalore_52,162,10,NONE,0.0,0%,,
Spinach Bunch,Delhi,Delhi_70,268,2,DISCOUNT,187.0,69.8%,,
Fish Fillet 300g,Mumbai,Mumbai_31,37,0,DONATE,37.0,100.0%,,
Kurkure Masala,Delhi,Delhi_71,148,0,DONATE,148.0,100.0%,,
Nestlé Yogurt 150g,Bangalore,Bangalore_53,267,0,DONATE,267.0,100.0%,,
Fish Fillet 300g,Mumbai,Mumbai_32,37,0,DONATE,37.0,100.0%,,
Bingo Mad Angles,Chennai,Chennai_70,92,6,MONITOR,27.0,29.3%,,
Brown Bun Pack,Delhi,Delhi_72,32,5,MONITOR,9.0,28.1%,,
Kurkure Masala,Bangalore,Bangalore_54,224,14,NONE,0.0,0%,,
Chicken Breast 500g,Delhi,Delhi_73,47,3,DISCOUNT,32.0,68.1%,,
Mother Dairy Butter 100g,Bangalore,Bangalore_55,38,6,MONITOR,11.0,28.9%,,
Kurkure Masala,Chennai,Chennai_71,283,0,DONATE,283.0,100.0%,,
Chicken Breast 500g,Delhi,Delhi_74,263,2,DISCOUNT,184.0,70.0%,,
White Bread,Bangalore,Bangalore_56,261,12,NONE,0.0,0%,,
Bingo Mad Angles,Kanpur,Kanpur_85,289,15,NONE,0.0,0%,,
Bingo Mad Angles,Delhi,Delhi_75,60,11,NONE,0.0,0%,,
Lays Chips 100g,Kanpur,Kanpur_86,232,11,NONE,0.0,0%,,
Spinach Bunch,Kanpur,Kanpur_87,253,0,DONATE,253.0,100.0%,,
Brown Bun Pack,Mumbai,Mumbai_33,222,0,DONATE,222.0,100.0%,,
Spinach Bunch,Kanpur,Kanpur_88,115,1,DISCOUNT,80.0,69.6%,,
Brown Bun Pack,Kanpur,Kanpur_89,42,0,DONATE,42.0,100.0%,,
Multigrain Cookies,Kanpur,Kanpur_90,224,7,MONITOR,67.0,29.9%,,
Bingo Mad Angles,Chennai,Chennai_72,92,6,MONITOR,27.0,29.3%,,
Spinach Bunch,Kanpur,Kanpur_91,115,1,DISCOUNT,80.0,69.6%,,
Mother Dairy Butter 100g,Kanpur,Kanpur_92,220,1,DISCOUNT,154.0,70.0%,,
Banana 6pcs,Mumbai,Mumbai_34,154,0,DONATE,154.0,100.0%,,
Brown Bun Pack,Chennai,Chennai_73,39,8,TRANSFER,,,Nearby High-Demand Store,19.0
Amul Milk 500ml,Bangalore,Bangalore_57,185,1,DISCOUNT,129.0,69.7%,,
Amul Milk 500ml,Chennai,Chennai_74,12,8,TRANSFER,,,Nearby High-Demand Store,6.0
White Bread,Bangalore,Bangalore_58,162,10,NONE,0.0,0%,,
Bingo Mad Angles,Delhi,Delhi_76,60,11,NONE,0.0,0%,,
Brown Bun Pack,Chennai,Chennai_75,247,11,TRANSFER,,,Nearby High-Demand Store,123.0
Spinach Bunch,Kanpur,Kanpur_93,115,1,DISCOUNT,80.0,69.6%,,
Spinach Bunch,Kanpur,Kanpur_94,253,0,DONATE,253.0,100.0%,,
Nestlé Yogurt 150g,Mumbai,Mumbai_35,201,4,MONITOR,60.0,29.9%,,
Fish Fillet 300g,Bangalore,Bangalore_59,228,5,MONITOR,68.0,29.8%,,
Lays Chips 100g,Kanpur,Kanpur_95,116,0,DONATE,116.0,100.0%,,
Spinach Bunch,Delhi,Delhi_77,268,2,DISCOUNT,187.0,69.8%,,
Lays Chips 100g,Kanpur,Kanpur_96,116,0,DONATE,116.0,100.0%,,
Brown Bun Pack,Delhi,Delhi_78,32,5,MONITOR,9.0,28.1%,,
Brown Bun Pack,Kanpur,Kanpur_97,42,0,DONATE,42.0,100.0%,,
Mutton Mince 250g,Bangalore,Bangalore_60,295,11,NONE,0.0,0%,,
Chicken Breast 500g,Kanpur,Kanpur_98,100,13,NONE,0.0,0%,,
Fish Fillet 300g,Chennai,Chennai_76,40,3,DISCOUNT,28.0,70.0%,,
Fish Fillet 300g,Mumbai,Mumbai_36,37,0,DONATE,37.0,100.0%,,
Fish Fillet 300g,Bangalore,Bangalore_61,228,5,MONITOR,68.0,29.8%,,
Bingo Mad Angles,Delhi,Delhi_79,60,11,NONE,0.0,0%,,
Spinach Bunch,Kanpur,Kanpur_99,115,1,DISCOUNT,80.0,69.6%,,
Chicken Breast 500g,Delhi,Delhi_80,47,3,DISCOUNT,32.0,68.1%,,
Bingo Mad Angles,Delhi,Delhi_81,60,11,NONE,0.0,0%,,
Chicken Breast 500g,Delhi,Delhi_82,47,3,DISCOUNT,32.0,68.1%,,
Multigrain Cookies,Kanpur,Kanpur_100,60,8,NONE,0.0,0%,,
Nestlé Yogurt 150g,Bangalore,Bangalore_62,267,0,DONATE,267.0,100.0%,,
Lays Chips 100g,Chennai,Chennai_77,165,2,DISCOUNT,115.0,69.7%,,
Nestlé Yogurt 150g,Bangalore,Bangalore_63,267,0,DONATE,267.0,100.0%,,
Multigrain Cookies,Kanpur,Kanpur_101,224,7,MONITOR,67.0,29.9%,,
Bingo Mad Angles,Delhi,Delhi_83,60,11,NONE,0.0,0%,,
Spinach Bunch,Kanpur,Kanpur_102,253,0,DONATE,253.0,100.0%,,
White Bread,Bangalore,Bangalore_64,162,10,NONE,0.0,0%,,
Chicken Breast 500g,Kanpur,Kanpur_103,100,13,NONE,0.0,0%,,
Spinach Bunch,Delhi,Delhi_84,268,2,DISCOUNT,187.0,69.8%,,
Tomato 1kg,Kanpur,Kanpur_104,204,0,DONATE,204.0,100.0%,,
Spinach Bunch,Delhi,Delhi_85,268,2,DISCOUNT,187.0,69.8%,,
Kurkure Masala,Chennai,Chennai_78,59,1,DISCOUNT,41.0,69.5%,,
Mutton Mince 250g,Delhi,Delhi_86,265,0,DONATE,265.0,100.0%,,
Spinach Bunch,Kanpur,Kanpur_105,115,1,DISCOUNT,80.0,69.6%,,
Fish Fillet 300g,Bangalore,Bangalore_65,228,5,MONITOR,68.0,29.8%,,
Mutton Mince 250g,Bangalore,Bangalore_66,295,11,NONE,0.0,0%,,
Lays Chips 100g,Kanpur,Kanpur_106,232,11,NONE,0.0,0%,,
Nestlé Yogurt 150g,Mumbai,Mumbai_37,201,4,MONITOR,60.0,29.9%,,
Spinach Bunch,Kanpur,Kanpur_107,145,0,DONATE,145.0,100.0%,,
Spinach Bunch,Delhi,Delhi_87,268,2,DISCOUNT,187.0,69.8%,,
Spinach Bunch,Kanpur,Kanpur_108,115,1,DISCOUNT,80.0,69.6%,,
Mother Dairy Butter 100g,Kanpur,Kanpur_109,220,1,DISCOUNT,154.0,70.0%,,
Bingo Mad Angles,Mumbai,Mumbai_38,63,10,NONE,0.0,0%,,
Bingo Mad Angles,Mumbai,Mumbai_39,63,10,NONE,0.0,0%,,
Lays Chips 100g,Chennai,Chennai_79,165,2,DISCOUNT,115.0,69.7%,,
White Bread,Bangalore,Bangalore_67,261,12,NONE,0.0,0%,,
Fish Fillet 300g,Chennai,Chennai_80,40,3,DISCOUNT,28.0,70.0%,,
Fish Fillet 300g,Chennai,Chennai_81,40,3,DISCOUNT,28.0,70.0%,,
Nestlé Yogurt 150g,Delhi,Delhi_88,217,2,DISCOUNT,151.0,69.6%,,
Mutton Mince 250g,Bangalore,Bangalore_68,295,11,NONE,0.0,0%,,
Mutton Mince 250g,Delhi,Delhi_89,96,9,NONE,0.0,0%,,
Mutton Mince 250g,Delhi,Delhi_90,96,9,NONE,0.0,0%,,
Fish Fillet 300g,Bangalore,Bangalore_69,206,7,MONITOR,61.0,29.6%,,
Mutton Mince 250g,Delhi,Delhi_91,265,0,DONATE,265.0,100.0%,,
White Bread,Bangalore,Bangalore_70,261,12,NONE,0.0,0%,,
Spinach Bunch,Delhi,Delhi_92,268,2,DISCOUNT,187.0,69.8%,,
Kurkure Masala,Bangalore,Bangalore_71,224,14,NONE,0.0,0%,,
Bingo Mad Angles,Kanpur,Kanpur_110,26,2,DISCOUNT,18.0,69.2%,,
Spinach Bunch,Delhi,Delhi_93,268,2,DISCOUNT,187.0,69.8%,,
Banana 6pcs,Mumbai,Mumbai_40,154,0,DONATE,154.0,100.0%,,
Spinach Bunch,Kanpur,Kanpur_111,115,1,DISCOUNT,80.0,69.6%,,
Brown Bun Pack,Chennai,Chennai_82,247,11,TRANSFER,,,Nearby High-Demand Store,123.0
Tomato 1kg,Kanpur,Kanpur_112,204,0,DONATE,204.0,100.0%,,
Bingo Mad Angles,Delhi,Delhi_94,60,11,NONE,0.0,0%,,
Brown Bun Pack,Kanpur,Kanpur_113,42,0,DONATE,42.0,100.0%,,
Spinach Bunch,Kanpur,Kanpur_114,145,0,DONATE,145.0,100.0%,,
Amul Milk 500ml,Chennai,Chennai_83,11,6,MONITOR,3.0,27.3%,,
Kurkure Masala,Bangalore,Bangalore_72,224,14,NONE,0.0,0%,,
White Bread,Bangalore,Bangalore_73,261,12,NONE,0.0,0%,,
Multigrain Cookies,Kanpur,Kanpur_115,60,8,NONE,0.0,0%,,
Lays Chips 100g,Chennai,Chennai_84,165,2,DISCOUNT,115.0,69.7%,,
Nestlé Yogurt 150g,Delhi,Delhi_95,262,0,DONATE,262.0,100.0%,,
Bingo Mad Angles,Delhi,Delhi_96,60,11,NONE,0.0,0%,,
White Bread,Bangalore,Bangalore_74,162,10,NONE,0.0,0%,,
Brown Bun Pack,Chennai,Chennai_85,39,8,TRANSFER,,,Nearby High-Demand Store,19.0
Lays Chips 100g,Kanpur,Kanpur_116,116,0,DONATE,116.0,100.0%,,
Multigrain Cookies,Kanpur,Kanpur_117,60,8,NONE,0.0,0%,,
Brown Bun Pack,Kanpur,Kanpur_118,42,0,DONATE,42.0,100.0%,,
Lays Chips 100g,Chennai,Chennai_86,165,2,DISCOUNT,115.0,69.7%,,
Chicken Breast 500g,Delhi,Delhi_97,263,2,DISCOUNT,184.0,70.0%,,
Bingo Mad Angles,Delhi,Delhi_98,60,11,NONE,0.0,0%,,
Spinach Bunch,Delhi,Delhi_99,268,2,DISCOUNT,187.0,69.8%,,
Mutton Mince 250g,Delhi,Delhi_100,265,0,DONATE,265.0,100.0%,,
Amul Milk 500ml,Bangalore,Bangalore_75,185,1,DISCOUNT,129.0,69.7%,,
Kurkure Masala,Chennai,Chennai_87,283,0,DONATE,283.0,100.0%,,
Spinach Bunch,Delhi,Delhi_101,268,2,DISCOUNT,187.0,69.8%,,
Nestlé Yogurt 150g,Mumbai,Mumbai_41,201,4,MONITOR,60.0,29.9%,,
Nestlé Yogurt 150g,Bangalore,Bangalore_76,267,0,DONATE,267.0,100.0%,,
Chicken Breast 500g,Delhi,Delhi_102,47,3,DISCOUNT,32.0,68.1%,,
Bingo Mad Angles,Kanpur,Kanpur_119,289,15,NONE,0.0,0%,,
Chicken Breast 500g,Delhi,Delhi_103,263,2,DISCOUNT,184.0,70.0%,,
Nestlé Yogurt 150g,Mumbai,Mumbai_42,201,4,MONITOR,60.0,29.9%,,
Fish Fillet 300g,Mumbai,Mumbai_43,37,0,DONATE,37.0,100.0%,,
Lays Chips 100g,Chennai,Chennai_88,165,2,DISCOUNT,115.0,69.7%,,
Lays Chips 100g,Kanpur,Kanpur_120,116,0,DONATE,116.0,100.0%,,
Mother Dairy Butter 100g,Bangalore,Bangalore_77,38,6,MONITOR,11.0,28.9%,,
Amul Milk 500ml,Bangalore,Bangalore_78,185,1,DISCOUNT,129.0,69.7%,,
Bingo Mad Angles,Kanpur,Kanpur_121,26,2,DISCOUNT,18.0,69.2%,,
Bingo Mad Angles,Mumbai,Mumbai_44,63,10,NONE,0.0,0%,,
Kurkure Masala,Chennai,Chennai_89,283,0,DONATE,283.0,100.0%,,
Multigrain Cookies,Kanpur,Kanpur_122,224,7,MONITOR,67.0,29.9%,,
Mutton Mince 250g,Delhi,Delhi_104,96,9,NONE,0.0,0%,,
Bingo Mad Angles,Kanpur,Kanpur_123,289,15,NONE,0.0,0%,,
Multigrain Cookies,Kanpur,Kanpur_124,224,7,MONITOR,67.0,29.9%,,
Brown Bun Pack,Mumbai,Mumbai_45,222,0,DONATE,222.0,100.0%,,
Spinach Bunch,Kanpur,Kanpur_125,145,0,DONATE,145.0,100.0%,,
Fish Fillet 300g,Mumbai,Mumbai_46,37,0,DONATE,37.0,100.0%,,
Spinach Bunch,Delhi,Delhi_105,268,2,DISCOUNT,187.0,69.8%,,
Amul Milk 500ml,Chennai,Chennai_90,12,8,TRANSFER,,,Nearby High-Demand Store,6.0
Mutton Mince 250g,Delhi,Delhi_106,271,12,TRANSFER,,,Nearby High-Demand Store,135.0
Spinach Bunch,Kanpur,Kanpur_126,115,1,DISCOUNT,80.0,69.6%,,
Kurkure Masala,Delhi,Delhi_107,148,0,DONATE,148.0,100.0%,,
Multigrain Cookies,Kanpur,Kanpur_127,60,8,NONE,0.0,0%,,
Bingo Mad Angles,Kanpur,Kanpur_128,289,15,NONE,0.0,0%,,
Brown Bun Pack,Mumbai,Mumbai_47,222,0,DONATE,222.0,100.0%,,
Bingo Mad Angles,Delhi,Delhi_108,60,11,NONE,0.0,0%,,
Mother Dairy Butter 100g,Bangalore,Bangalore_79,38,6,MONITOR,11.0,28.9%,,
Chicken Breast 500g,Delhi,Delhi_109,47,3,DISCOUNT,32.0,68.1%,,
Lays Chips 100g,Kanpur,Kanpur_129,116,0,DONATE,116.0,100.0%,,
Lays Chips 100g,Chennai,Chennai_91,144,2,DISCOUNT,100.0,69.4%,,
Lays Chips 100g,Kanpur,Kanpur_130,232,11,NONE,0.0,0%,,
Chicken Breast 500g,Kanpur,Kanpur_131,100,13,NONE,0.0,0%,,
Nestlé Yogurt 150g,Delhi,Delhi_110,217,2,DISCOUNT,151.0,69.6%,,
Fish Fillet 300g,Bangalore,Bangalore_80,228,5,MONITOR,68.0,29.8%,,
Bingo Mad Angles,Chennai,Chennai_92,92,6,MONITOR,27.0,29.3%,,
Mutton Mince 250g,Bangalore,Bangalore_81,295,11,NONE,0.0,0%,,
Lays Chips 100g,Chennai,Chennai_93,165,2,DISCOUNT,115.0,69.7%,,
Spinach Bunch,Kanpur,Kanpur_132,253,0,DONATE,253.0,100.0%,,
Kurkure Masala,Chennai,Chennai_94,59,1,DISCOUNT,41.0,69.5%,,
Mother Dairy Butter 100g,Kanpur,Kanpur_133,220,1,DISCOUNT,154.0,70.0%,,
Kurkure Masala,Chennai,Chennai_95,283,0,DONATE,283.0,100.0%,,
Brown Bun Pack,Chennai,Chennai_96,90,16,NONE,0.0,0%,,
Kurkure Masala,Bangalore,Bangalore_82,224,14,NONE,0.0,0%,,
Fish Fillet 300g,Bangalore,Bangalore_83,206,7,MONITOR,61.0,29.6%,,
Multigrain Cookies,Kanpur,Kanpur_134,224,7,MONITOR,67.0,29.9%,,
Amul Milk 500ml,Bangalore,Bangalore_84,185,1,DISCOUNT,129.0,69.7%,,
Kurkure Masala,Chennai,Chennai_97,283,0,DONATE,283.0,100.0%,,
Bingo Mad Angles,Mumbai,Mumbai_48,63,10,NONE,0.0,0%,,
Chicken Breast 500g,Delhi,Delhi_111,47,3,DISCOUNT,32.0,68.1%,,
Bingo Mad Angles,Mumbai,Mumbai_49,63,10,NONE,0.0,0%,,
Bingo Mad Angles,Mumbai,Mumbai_50,63,10,NONE,0.0,0%,,
Brown Bun Pack,Kanpur,Kanpur_135,42,0,DONATE,42.0,100.0%,,
Bingo Mad Angles,Kanpur,Kanpur_136,289,15,NONE,0.0,0%,,
Nestlé Yogurt 150g,Delhi,Delhi_112,262,0,DONATE,262.0,100.0%,,
Brown Bun Pack,Chennai,Chennai_98,90,16,NONE,0.0,0%,,
Mutton Mince 250g,Delhi,Delhi_113,271,12,TRANSFER,,,Nearby High-Demand Store,135.0
Brown Bun Pack,Chennai,Chennai_99,39,8,TRANSFER,,,Nearby High-Demand Store,19.0
Spinach Bunch,Delhi,Delhi_114,268,2,DISCOUNT,187.0,69.8%,,
Mutton Mince 250g,Bangalore,Bangalore_85,295,11,NONE,0.0,0%,,
Amul Milk 500ml,Chennai,Chennai_100,11,6,MONITOR,3.0,27.3%,,
Amul Milk 500ml,Chennai,Chennai_101,11,6,MONITOR,3.0,27.3%,,
Banana 6pcs,Mumbai,Mumbai_51,154,0,DONATE,154.0,100.0%,,
Kurkure Masala,Delhi,Delhi_115,148,0,DONATE,148.0,100.0%,,
Tomato 1kg,Kanpur,Kanpur_137,204,0,DONATE,204.0,100.0%,,
Nestlé Yogurt 150g,Delhi,Delhi_116,262,0,DONATE,262.0,100.0%,,
Nestlé Yogurt 150g,Delhi,Delhi_117,217,2,DISCOUNT,151.0,69.6%,,
Amul Milk 500ml,Bangalore,Bangalore_86,185,1,DISCOUNT,129.0,69.7%,,
White Bread,Bangalore,Bangalore_87,261,12,NONE,0.0,0%,,
Bingo Mad Angles,Kanpur,Kanpur_138,26,2,DISCOUNT,18.0,69.2%,,
Bingo Mad Angles,Delhi,Delhi_118,60,11,NONE,0.0,0%,,
Fish Fillet 300g,Mumbai,Mumbai_52,37,0,DONATE,37.0,100.0%,,
Spinach Bunch,Kanpur,Kanpur_139,253,0,DONATE,253.0,100.0%,,
Lays Chips 100g,Chennai,Chennai_102,144,2,DISCOUNT,100.0,69.4%,,
Mother Dairy Butter 100g,Bangalore,Bangalore_88,38,6,MONITOR,11.0,28.9%,,
Bingo Mad Angles,Kanpur,Kanpur_140,289,15,NONE,0.0,0%,,
White Bread,Bangalore,Bangalore_89,261,12,NONE,0.0,0%,,
Brown Bun Pack,Chennai,Chennai_103,247,11,TRANSFER,,,Nearby High-Demand Store,123.0
Spinach Bunch,Kanpur,Kanpur_141,145,0,DONATE,145.0,100.0%,,
Brown Bun Pack,Chennai,Chennai_104,247,11,TRANSFER,,,Nearby High-Demand Store,123.0
Kurkure Masala,Bangalore,Bangalore_90,224,14,NONE,0.0,0%,,
Brown Bun Pack,Mumbai,Mumbai_53,222,0,DONATE,222.0,100.0%,,
Brown Bun Pack,Chennai,Chennai_105,39,8,TRANSFER,,,Nearby High-Demand Store,19.0
Brown Bun Pack,Mumbai,Mumbai_54,222,0,DONATE,222.0,100.0%,,
Kurkure Masala,Chennai,Chennai_106,283,0,DONATE,283.0,100.0%,,
Amul Milk 500ml,Chennai,Chennai_107,12,8,TRANSFER,,,Nearby High-Demand Store,6.0
Mother Dairy Butter 100g,Kanpur,Kanpur_142,220,1,DISCOUNT,154.0,70.0%,,
Bingo Mad Angles,Chennai,Chennai_108,92,6,MONITOR,27.0,29.3%,,
Bingo Mad Angles,Chennai,Chennai_109,92,6,MONITOR,27.0,29.3%,,
Bingo Mad Angles,Kanpur,Kanpur_143,26,2,DISCOUNT,18.0,69.2%,,
Fish Fillet 300g,Bangalore,Bangalore_91,206,7,MONITOR,61.0,29.6%,,
Amul Milk 500ml,Bangalore,Bangalore_92,185,1,DISCOUNT,129.0,69.7%,,
Spinach Bunch,Kanpur,Kanpur_144,115,1,DISCOUNT,80.0,69.6%,,
Chicken Breast 500g,Delhi,Delhi_119,47,3,DISCOUNT,32.0,68.1%,,
Fish Fillet 300g,Mumbai,Mumbai_55,37,0,DONATE,37.0,100.0%,,
Nestlé Yogurt 150g,Delhi,Delhi_120,217,2,DISCOUNT,151.0,69.6%,,
Bingo Mad Angles,Chennai,Chennai_110,92,6,MONITOR,27.0,29.3%,,
Spinach Bunch,Kanpur,Kanpur_145,253,0,DONATE,253.0,100.0%,,
Kurkure Masala,Delhi,Delhi_121,148,0,DONATE,148.0,100.0%,,
Banana 6pcs,Mumbai,Mumbai_56,154,0,DONATE,154.0,100.0%,,
Bingo Mad Angles,Mumbai,Mumbai_57,63,10,NONE,0.0,0%,,
Multigrain Cookies,Kanpur,Kanpur_146,60,8,NONE,0.0,0%,,
Nestlé Yogurt 150g,Mumbai,Mumbai_58,201,4,MONITOR,60.0,29.9%,,
Mother Dairy Butter 100g,Kanpur,Kanpur_147,220,1,DISCOUNT,154.0,70.0%,,
Brown Bun Pack,Mumbai,Mumbai_59,222,0,DONATE,222.0,100.0%,,
Spinach Bunch,Kanpur,Kanpur_148,253,0,DONATE,253.0,100.0%,,
Brown Bun Pack,Chennai,Chennai_111,39,8,TRANSFER,,,Nearby High-Demand Store,19.0
Bingo Mad Angles,Mumbai,Mumbai_60,63,10,NONE,0.0,0%,,
Multigrain Cookies,Kanpur,Kanpur_149,60,8,NONE,0.0,0%,,
Kurkure Masala,Chennai,Chennai_112,59,1,DISCOUNT,41.0,69.5%,,
Kurkure Masala,Bangalore,Bangalore_93,224,14,NONE,0.0,0%,,
Banana 6pcs,Mumbai,Mumbai_61,154,0,DONATE,154.0,100.0%,,
Bingo Mad Angles,Kanpur,Kanpur_150,26,2,DISCOUNT,18.0,69.2%,,
Brown Bun Pack,Kanpur,Kanpur_151,42,0,DONATE,42.0,100.0%,,
White Bread,Bangalore,Bangalore_94,261,12,NONE,0.0,0%,,
Lays Chips 100g,Chennai,Chennai_113,165,2,DISCOUNT,115.0,69.7%,,
Banana 6pcs,Mumbai,Mumbai_62,154,0,DONATE,154.0,100.0%,,
Mother Dairy Butter 100g,Kanpur,Kanpur_152,220,1,DISCOUNT,154.0,70.0%,,
Spinach Bunch,Kanpur,Kanpur_153,253,0,DONATE,253.0,100.0%,,
Brown Bun Pack,Mumbai,Mumbai_63,222,0,DONATE,222.0,100.0%,,
Brown Bun Pack,Mumbai,Mumbai_64,222,0,DONATE,222.0,100.0%,,
Spinach Bunch,Kanpur,Kanpur_154,115,1,DISCOUNT,80.0,69.6%,,
Mutton Mince 250g,Delhi,Delhi_122,265,0,DONATE,265.0,100.0%,,
Kurkure Masala,Delhi,Delhi_123,148,0,DONATE,148.0,100.0%,,
Chicken Breast 500g,Kanpur,Kanpur_155,100,13,NONE,0.0,0%,,
Spinach Bunch,Delhi,Delhi_124,268,2,DISCOUNT,187.0,69.8%,,
White Bread,Bangalore,Bangalore_95,261,12,NONE,0.0,0%,,
Brown Bun Pack,Chennai,Chennai_114,39,8,TRANSFER,,,Nearby High-Demand Store,19.0
Kurkure Masala,Chennai,Chennai_115,283,0,DONATE,283.0,100.0%,,
Chicken Breast 500g,Delhi,Delhi_125,260,13,NONE,0.0,0%,,
Banana 6pcs,Mumbai,Mumbai_65,154,0,DONATE,154.0,100.0%,,
Chicken Breast 500g,Kanpur,Kanpur_156,100,13,NONE,0.0,0%,,
Fish Fillet 300g,Bangalore,Bangalore_96,206,7,MONITOR,61.0,29.6%,,
Chicken Breast 500g,Delhi,Delhi_126,263,2,DISCOUNT,184.0,70.0%,,
Chicken Breast 500g,Delhi,Delhi_127,260,13,NONE,0.0,0%,,
Brown Bun Pack,Chennai,Chennai_116,247,11,TRANSFER,,,Nearby High-Demand Store,123.0
Amul Milk 500ml,Bangalore,Bangalore_97,185,1,DISCOUNT,129.0,69.7%,,
Bingo Mad Angles,Chennai,Chennai_117,92,6,MONITOR,27.0,29.3%,,
Banana 6pcs,Mumbai,Mumbai_66,154,0,DONATE,154.0,100.0%,,
Nestlé Yogurt 150g,Delhi,Delhi_128,217,2,DISCOUNT,151.0,69.6%,,
Tomato 1kg,Kanpur,Kanpur_157,204,0,DONATE,204.0,100.0%,,
Spinach Bunch,Kanpur,Kanpur_158,253,0,DONATE,253.0,100.0%,,
Lays Chips 100g,Kanpur,Kanpur_159,116,0,DONATE,116.0,100.0%,,
Spinach Bunch,Kanpur,Kanpur_160,253,0,DONATE,253.0,100.0%,,
Multigrain Cookies,Kanpur,Kanpur_161,224,7,MONITOR,67.0,29.9%,,
Brown Bun Pack,Kanpur,Kanpur_162,42,0,DONATE,42.0,100.0%,,
Kurkure Masala,Bangalore,Bangalore_98,224,14,NONE,0.0,0%,,
Amul Milk 500ml,Bangalore,Bangalore_99,185,1,DISCOUNT,129.0,69.7%,,
Mutton Mince 250g,Delhi,Delhi_129,96,9,NONE,0.0,0%,,
Fish Fillet 300g,Bangalore,Bangalore_100,228,5,MONITOR,68.0,29.8%,,
Lays Chips 100g,Kanpur,Kanpur_163,116,0,DONATE,116.0,100.0%,,
Mother Dairy Butter 100g,Kanpur,Kanpur_164,220,1,DISCOUNT,154.0,70.0%,,
Mother Dairy Butter 100g,Bangalore,Bangalore_101,38,6,MONITOR,11.0,28.9%,,
Bingo Mad Angles,Delhi,Delhi_130,60,11,NONE,0.0,0%,,
Spinach Bunch,Delhi,Delhi_131,268,2,DISCOUNT,187.0,69.8%,,
Spinach Bunch,Delhi,Delhi_132,268,2,DISCOUNT,187.0,69.8%,,
Mutton Mince 250g,Delhi,Delhi_133,271,12,TRANSFER,,,Nearby High-Demand Store,135.0
Brown Bun Pack,Chennai,Chennai_118,39,8,TRANSFER,,,Nearby High-Demand Store,19.0
Mother Dairy Butter 100g,Kanpur,Kanpur_165,220,1,DISCOUNT,154.0,70.0%,,
Nestlé Yogurt 150g,Mumbai,Mumbai_67,201,4,MONITOR,60.0,29.9%,,
Bingo Mad Angles,Chennai,Chennai_119,92,6,MONITOR,27.0,29.3%,,
Spinach Bunch,Delhi,Delhi_134,268,2,DISCOUNT,187.0,69.8%,,
Fish Fillet 300g,Mumbai,Mumbai_68,37,0,DONATE,37.0,100.0%,,
Chicken Breast 500g,Delhi,Delhi_135,260,13,NONE,0.0,0%,,
Mutton Mince 250g,Delhi,Delhi_136,271,12,TRANSFER,,,Nearby High-Demand Store,135.0
Amul Milk 500ml,Chennai,Chennai_120,11,6,MONITOR,3.0,27.3%,,
Multigrain Cookies,Kanpur,Kanpur_166,60,8,NONE,0.0,0%,,
Lays Chips 100g,Chennai,Chennai_121,144,2,DISCOUNT,100.0,69.4%,,
Mother Dairy Butter 100g,Kanpur,Kanpur_167,220,1,DISCOUNT,154.0,70.0%,,
Chicken Breast 500g,Delhi,Delhi_137,263,2,DISCOUNT,184.0,70.0%,,
Lays Chips 100g,Chennai,Chennai_122,165,2,DISCOUNT,115.0,69.7%,,
Multigrain Cookies,Kanpur,Kanpur_168,224,7,MONITOR,67.0,29.9%,,
Mother Dairy Butter 100g,Bangalore,Bangalore_102,38,6,MONITOR,11.0,28.9%,,
Bingo Mad Angles,Delhi,Delhi_138,60,11,NONE,0.0,0%,,
Kurkure Masala,Chennai,Chennai_123,283,0,DONATE,283.0,100.0%,,
Spinach Bunch,Kanpur,Kanpur_169,145,0,DONATE,146.0,100.7%,,
Brown Bun Pack,Mumbai,Mumbai_69,222,0,DONATE,222.0,100.0%,,
Mutton Mince 250g,Bangalore,Bangalore_103,295,11,NONE,0.0,0%,,
Multigrain Cookies,Kanpur,Kanpur_170,60,8,NONE,0.0,0%,,
Brown Bun Pack,Mumbai,Mumbai_70,222,0,DONATE,222.0,100.0%,,
Chicken Breast 500g,Delhi,Delhi_139,260,13,NONE,0.0,0%,,
Brown Bun Pack,Mumbai,Mumbai_71,222,0,DONATE,222.0,100.0%,,
Fish Fillet 300g,Bangalore,Bangalore_104,206,7,MONITOR,61.0,29.6%,,
White Bread,Bangalore,Bangalore_105,162,10,NONE,0.0,0%,,
Lays Chips 100g,Kanpur,Kanpur_171,232,11,NONE,0.0,0%,,
Tomato 1kg,Kanpur,Kanpur_172,204,0,DONATE,204.0,100.0%,,
Mother Dairy Butter 100g,Bangalore,Bangalore_106,38,6,MONITOR,11.0,28.9%,,
Nestlé Yogurt 150g,Delhi,Delhi_140,217,2,DISCOUNT,151.0,69.6%,,
Brown Bun Pack,Delhi,Delhi_141,32,5,MONITOR,9.0,28.1%,,
Multigrain Cookies,Kanpur,Kanpur_173,60,8,NONE,0.0,0%,,
Chicken Breast 500g,Kanpur,Kanpur_174,100,13,NONE,0.0,0%,,
Chicken Breast 500g,Delhi,Delhi_142,47,3,DISCOUNT,32.0,68.1%,,
Mutton Mince 250g,Delhi,Delhi_143,265,0,DONATE,265.0,100.0%,,
Chicken Breast 500g,Kanpur,Kanpur_175,100,13,NONE,0.0,0%,,
Chicken Breast 500g,Delhi,Delhi_144,260,13,NONE,0.0,0%,,
Brown Bun Pack,Chennai,Chennai_124,39,8,TRANSFER,,,Nearby High-Demand Store,19.0
Amul Milk 500ml,Chennai,Chennai_125,12,8,TRANSFER,,,Nearby High-Demand Store,6.0
Lays Chips 100g,Kanpur,Kanpur_176,116,0,DONATE,116.0,100.0%,,
Bingo Mad Angles,Delhi,Delhi_145,60,11,NONE,0.0,0%,,
Brown Bun Pack,Kanpur,Kanpur_177,42,0,DONATE,42.0,100.0%,,
Bingo Mad Angles,Delhi,Delhi_146,60,11,NONE,0.0,0%,,
Spinach Bunch,Kanpur,Kanpur_178,115,1,DISCOUNT,80.0,69.6%,,
Chicken Breast 500g,Kanpur,Kanpur_179,100,13,NONE,0.0,0%,,
Nestlé Yogurt 150g,Bangalore,Bangalore_107,267,0,DONATE,267.0,100.0%,,
Brown Bun Pack,Kanpur,Kanpur_180,42,0,DONATE,42.0,100.0%,,
Kurkure Masala,Delhi,Delhi_147,148,0,DONATE,148.0,100.0%,,
Amul Milk 500ml,Bangalore,Bangalore_108,185,1,DISCOUNT,129.0,69.7%,,
Lays Chips 100g,Kanpur,Kanpur_181,116,0,DONATE,116.0,100.0%,,
Kurkure Masala,Chennai,Chennai_126,283,0,DONATE,283.0,100.0%,,
Amul Milk 500ml,Bangalore,Bangalore_109,185,1,DISCOUNT,129.0,69.7%,,
Brown Bun Pack,Chennai,Chennai_127,39,8,TRANSFER,,,Nearby High-Demand Store,19.0
Mother Dairy Butter 100g,Kanpur,Kanpur_182,220,1,DISCOUNT,154.0,70.0%,,
Brown Bun Pack,Kanpur,Kanpur_183,42,0,DONATE,42.0,100.0%,,
Lays Chips 100g,Chennai,Chennai_128,144,2,DISCOUNT,100.0,69.4%,,
Kurkure Masala,Chennai,Chennai_129,283,0,DONATE,283.0,100.0%,,
Chicken Breast 500g,Delhi,Delhi_148,47,3,DISCOUNT,32.0,68.1%,,
Bingo Mad Angles,Delhi,Delhi_149,60,11,NONE,0.0,0%,,
White Bread,Bangalore,Bangalore_110,162,10,NONE,0.0,0%,,
White Bread,Bangalore,Bangalore_111,261,12,NONE,0.0,0%,,
Spinach Bunch,Kanpur,Kanpur_184,145,0,DONATE,145.0,100.0%,,
Brown Bun Pack,Kanpur,Kanpur_185,42,0,DONATE,42.0,100.0%,,
Fish Fillet 300g,Bangalore,Bangalore_112,228,5,MONITOR,68.0,29.8%,,
Spinach Bunch,Kanpur,Kanpur_186,115,1,DISCOUNT,80.0,69.6%,,
Chicken Breast 500g,Delhi,Delhi_150,47,3,DISCOUNT,32.0,68.1%,,
Bingo Mad Angles,Mumbai,Mumbai_72,63,10,NONE,0.0,0%,,
Lays Chips 100g,Chennai,Chennai_130,144,2,DISCOUNT,100.0,69.4%,,
Brown Bun Pack,Chennai,Chennai_131,247,11,TRANSFER,,,Nearby High-Demand Store,123.0
Brown Bun Pack,Kanpur,Kanpur_187,42,0,DONATE,42.0,100.0%,,
Chicken Breast 500g,Kanpur,Kanpur_188,100,13,NONE,0.0,0%,,
Mother Dairy Butter 100g,Kanpur,Kanpur_189,220,1,DISCOUNT,154.0,70.0%,,
White Bread,Bangalore,Bangalore_113,162,10,NONE,0.0,0%,,
Brown Bun Pack,Chennai,Chennai_132,247,11,TRANSFER,,,Nearby High-Demand Store,123.0
Mother Dairy Butter 100g,Kanpur,Kanpur_190,220,1,DISCOUNT,154.0,70.0%,,
Amul Milk 500ml,Chennai,Chennai_133,12,8,TRANSFER,,,Nearby High-Demand Store,6.0
Lays Chips 100g,Kanpur,Kanpur_191,232,11,NONE,0.0,0%,,
Kurkure Masala,Bangalore,Bangalore_114,224,14,NONE,0.0,0%,,
Kurkure Masala,Chennai,Chennai_134,59,1,DISCOUNT,41.0,69.5%,,
Chicken Breast 500g,Delhi,Delhi_151,263,2,DISCOUNT,184.0,70.0%,,
Brown Bun Pack,Chennai,Chennai_135,247,11,TRANSFER,,,Nearby High-Demand Store,123.0
Bingo Mad Angles,Kanpur,Kanpur_192,26,2,DISCOUNT,18.0,69.2%,,
Spinach Bunch,Kanpur,Kanpur_193,253,0,DONATE,253.0,100.0%,,
Banana 6pcs,Mumbai,Mumbai_73,154,0,DONATE,154.0,100.0%,,
Bingo Mad Angles,Delhi,Delhi_152,60,11,NONE,0.0,0%,,
Mother Dairy Butter 100g,Kanpur,Kanpur_194,220,1,DISCOUNT,154.0,70.0%,,
Chicken Breast 500g,Delhi,Delhi_153,47,3,DISCOUNT,32.0,68.1%,,
Mutton Mince 250g,Delhi,Delhi_154,265,0,DONATE,265.0,100.0%,,
Chicken Breast 500g,Kanpur,Kanpur_195,100,13,NONE,0.0,0%,,
Kurkure Masala,Chennai,Chennai_136,283,0,DONATE,283.0,100.0%,,
Spinach Bunch,Kanpur,Kanpur_196,253,0,DONATE,253.0,100.0%,,
Kurkure Masala,Delhi,Delhi_155,148,0,DONATE,148.0,100.0%,,
Nestlé Yogurt 150g,Delhi,Delhi_156,217,2,DISCOUNT,151.0,69.6%,,
Bingo Mad Angles,Kanpur,Kanpur_197,289,15,NONE,0.0,0%,,
Kurkure Masala,Delhi,Delhi_157,148,0,DONATE,148.0,100.0%,,
Kurkure Masala,Chennai,Chennai_137,59,1,DISCOUNT,41.0,69.5%,,
Chicken Breast 500g,Delhi,Delhi_158,263,2,DISCOUNT,184.0,70.0%,,
Banana 6pcs,Mumbai,Mumbai_74,154,0,DONATE,154.0,100.0%,,
Bingo Mad Angles,Delhi,Delhi_159,60,11,NONE,0.0,0%,,
Kurkure Masala,Chennai,Chennai_138,283,0,DONATE,283.0,100.0%,,
Multigrain Cookies,Kanpur,Kanpur_198,60,8,NONE,0.0,0%,,
Mutton Mince 250g,Delhi,Delhi_160,271,12,TRANSFER,,,Nearby High-Demand Store,135.0
Brown Bun Pack,Delhi,Delhi_161,32,5,MONITOR,9.0,28.1%,,
Nestlé Yogurt 150g,Bangalore,Bangalore_115,267,0,DONATE,267.0,100.0%,,
Bingo Mad Angles,Kanpur,Kanpur_199,26,2,DISCOUNT,18.0,69.2%,,
Mother Dairy Butter 100g,Kanpur,Kanpur_200,220,1,DISCOUNT,154.0,70.0%,,
Amul Milk 500ml,Chennai,Chennai_139,12,8,TRANSFER,,,Nearby High-Demand Store,6.0
Chicken Breast 500g,Delhi,Delhi_162,260,13,NONE,0.0,0%,,
Amul Milk 500ml,Chennai,Chennai_140,11,6,MONITOR,3.0,27.3%,,
Spinach Bunch,Kanpur,Kanpur_201,145,0,DONATE,145.0,100.0%,,
Fish Fillet 300g,Chennai,Chennai_141,40,3,DISCOUNT,28.0,70.0%,,
Lays Chips 100g,Kanpur,Kanpur_202,232,11,NONE,0.0,0%,,
Lays Chips 100g,Chennai,Chennai_142,165,2,DISCOUNT,115.0,69.7%,,
Lays Chips 100g,Chennai,Chennai_143,144,2,DISCOUNT,100.0,69.4%,,
Fish Fillet 300g,Mumbai,Mumbai_75,37,0,DONATE,37.0,100.0%,,
Bingo Mad Angles,Kanpur,Kanpur_203,289,15,NONE,0.0,0%,,
Amul Milk 500ml,Chennai,Chennai_144,12,8,TRANSFER,,,Nearby High-Demand Store,6.0
Mother Dairy Butter 100g,Bangalore,Bangalore_116,38,6,MONITOR,11.0,28.9%,,
Mutton Mince 250g,Delhi,Delhi_163,96,9,NONE,0.0,0%,,
Multigrain Cookies,Kanpur,Kanpur_204,224,7,MONITOR,67.0,29.9%,,
Banana 6pcs,Mumbai,Mumbai_76,154,0,DONATE,154.0,100.0%,,
Multigrain Cookies,Kanpur,Kanpur_205,60,8,NONE,0.0,0%,,
Brown Bun Pack,Chennai,Chennai_145,39,8,TRANSFER,,,Nearby High-Demand Store,19.0
Fish Fillet 300g,Chennai,Chennai_146,40,3,DISCOUNT,28.0,70.0%,,
Brown Bun Pack,Chennai,Chennai_147,247,11,TRANSFER,,,Nearby High-Demand Store,123.0
Mutton Mince 250g,Bangalore,Bangalore_117,295,11,NONE,0.0,0%,,
Spinach Bunch,Kanpur,Kanpur_206,115,1,DISCOUNT,80.0,69.6%,,
Nestlé Yogurt 150g,Delhi,Delhi_164,217,2,DISCOUNT,151.0,69.6%,,
Bingo Mad Angles,Chennai,Chennai_148,92,6,MONITOR,27.0,29.3%,,
Bingo Mad Angles,Mumbai,Mumbai_77,63,10,NONE,0.0,0%,,
Spinach Bunch,Kanpur,Kanpur_207,145,0,DONATE,145.0,100.0%,,
Lays Chips 100g,Kanpur,Kanpur_208,232,11,NONE,0.0,0%,,
Chicken Breast 500g,Delhi,Delhi_165,47,3,DISCOUNT,32.0,68.1%,,
Nestlé Yogurt 150g,Delhi,Delhi_166,217,2,DISCOUNT,151.0,69.6%,,
Tomato 1kg,Kanpur,Kanpur_209,204,0,DONATE,204.0,100.0%,,
Chicken Breast 500g,Kanpur,Kanpur_210,100,13,NONE,0.0,0%,,
Nestlé Yogurt 150g,Delhi,Delhi_167,262,0,DONATE,262.0,100.0%,,
Chicken Breast 500g,Delhi,Delhi_168,263,2,DISCOUNT,184.0,70.0%,,
Brown Bun Pack,Chennai,Chennai_149,247,11,TRANSFER,,,Nearby High-Demand Store,123.0
Amul Milk 500ml,Chennai,Chennai_150,11,6,MONITOR,3.0,27.3%,,
Kurkure Masala,Delhi,Delhi_169,148,0,DONATE,148.0,100.0%,,
Mutton Mince 250g,Delhi,Delhi_170,96,9,NONE,0.0,0%,,
Chicken Breast 500g,Delhi,Delhi_171,260,13,NONE,0.0,0%,,
Brown Bun Pack,Mumbai,Mumbai_78,222,0,DONATE,222.0,100.0%,,
Brown Bun Pack,Chennai,Chennai_151,247,11,TRANSFER,,,Nearby High-Demand Store,123.0
Kurkure Masala,Delhi,Delhi_172,148,0,DONATE,148.0,100.0%,,
Nestlé Yogurt 150g,Mumbai,Mumbai_79,201,4,MONITOR,60.0,29.9%,,
Nestlé Yogurt 150g,Delhi,Delhi_173,217,2,DISCOUNT,151.0,69.6%,,
Lays Chips 100g,Chennai,Chennai_152,144,2,DISCOUNT,100.0,69.4%,,
Mother Dairy Butter 100g,Bangalore,Bangalore_118,38,6,MONITOR,11.0,28.9%,,
Kurkure Masala,Bangalore,Bangalore_119,224,14,NONE,0.0,0%,,
Fish Fillet 300g,Bangalore,Bangalore_120,228,5,MONITOR,68.0,29.8%,,
Kurkure Masala,Bangalore,Bangalore_121,224,14,NONE,0.0,0%,,
Mutton Mince 250g,Bangalore,Bangalore_122,295,11,NONE,0.0,0%,,
White Bread,Bangalore,Bangalore_123,162,10,NONE,0.0,0%,,
Kurkure Masala,Delhi,Delhi_174,148,0,DONATE,148.0,100.0%,,
Bingo Mad Angles,Chennai,Chennai_153,92,6,MONITOR,27.0,29.3%,,
Nestlé Yogurt 150g,Mumbai,Mumbai_80,201,4,MONITOR,60.0,29.9%,,
Lays Chips 100g,Chennai,Chennai_154,144,2,DISCOUNT,100.0,69.4%,,
Kurkure Masala,Bangalore,Bangalore_124,224,14,NONE,0.0,0%,,
Brown Bun Pack,Kanpur,Kanpur_211,42,0,DONATE,42.0,100.0%,,
Chicken Breast 500g,Delhi,Delhi_175,47,3,DISCOUNT,32.0,68.1%,,
Spinach Bunch,Delhi,Delhi_176,268,2,DISCOUNT,187.0,69.8%,,
Fish Fillet 300g,Chennai,Chennai_155,40,3,DISCOUNT,28.0,70.0%,,
Nestlé Yogurt 150g,Delhi,Delhi_177,262,0,DONATE,262.0,100.0%,,
Amul Milk 500ml,Chennai,Chennai_156,11,6,MONITOR,3.0,27.3%,,
Nestlé Yogurt 150g,Delhi,Delhi_178,217,2,DISCOUNT,151.0,69.6%,,
Amul Milk 500ml,Bangalore,Bangalore_125,185,1,DISCOUNT,129.0,69.7%,,
Nestlé Yogurt 150g,Delhi,Delhi_179,217,2,DISCOUNT,151.0,69.6%,,
Bingo Mad Angles,Kanpur,Kanpur_212,26,2,DISCOUNT,18.0,69.2%,,
Mutton Mince 250g,Delhi,Delhi_180,265,0,DONATE,265.0,100.0%,,
Spinach Bunch,Kanpur,Kanpur_213,253,0,DONATE,253.0,100.0%,,
Mutton Mince 250g,Delhi,Delhi_181,265,0,DONATE,265.0,100.0%,,
Brown Bun Pack,Delhi,Delhi_182,32,5,MONITOR,9.0,28.1%,,
Brown Bun Pack,Chennai,Chennai_157,39,8,TRANSFER,,,Nearby High-Demand Store,19.0
Chicken Breast 500g,Kanpur,Kanpur_214,100,13,NONE,0.0,0%,,
Bingo Mad Angles,Delhi,Delhi_183,60,11,NONE,0.0,0%,,
Brown Bun Pack,Chennai,Chennai_158,247,11,TRANSFER,,,Nearby High-Demand Store,123.0
Fish Fillet 300g,Bangalore,Bangalore_126,228,5,MONITOR,68.0,29.8%,,
Nestlé Yogurt 150g,Bangalore,Bangalore_127,267,0,DONATE,267.0,100.0%,,
Bingo Mad Angles,Kanpur,Kanpur_215,26,2,DISCOUNT,18.0,69.2%,,
White Bread,Bangalore,Bangalore_128,162,10,NONE,0.0,0%,,
Brown Bun Pack,Kanpur,Kanpur_216,42,0,DONATE,42.0,100.0%,,
Kurkure Masala,Chennai,Chennai_159,59,1,DISCOUNT,41.0,69.5%,,
Brown Bun Pack,Chennai,Chennai_160,90,16,NONE,0.0,0%,,
Chicken Breast 500g,Delhi,Delhi_184,263,2,DISCOUNT,184.0,70.0%,,
Bingo Mad Angles,Chennai,Chennai_161,92,6,MONITOR,27.0,29.3%,,
Nestlé Yogurt 150g,Mumbai,Mumbai_81,201,4,MONITOR,60.0,29.9%,,
Spinach Bunch,Kanpur,Kanpur_217,253,0,DONATE,253.0,100.0%,,
Kurkure Masala,Chennai,Chennai_162,283,0,DONATE,283.0,100.0%,,
Brown Bun Pack,Delhi,Delhi_185,32,5,MONITOR,9.0,28.1%,,
Mother Dairy Butter 100g,Kanpur,Kanpur_218,220,1,DISCOUNT,154.0,70.0%,,
Chicken Breast 500g,Delhi,Delhi_186,260,13,NONE,0.0,0%,,
Amul Milk 500ml,Bangalore,Bangalore_129,185,1,DISCOUNT,129.0,69.7%,,
Spinach Bunch,Kanpur,Kanpur_219,253,0,DONATE,253.0,100.0%,,
Mutton Mince 250g,Bangalore,Bangalore_130,295,11,NONE,0.0,0%,,
Fish Fillet 300g,Chennai,Chennai_163,40,3,DISCOUNT,28.0,70.0%,,
Mother Dairy Butter 100g,Kanpur,Kanpur_220,220,1,DISCOUNT,154.0,70.0%,,
Lays Chips 100g,Kanpur,Kanpur_221,116,0,DONATE,116.0,100.0%,,
Kurkure Masala,Bangalore,Bangalore_131,224,14,NONE,0.0,0%,,
Mutton Mince 250g,Bangalore,Bangalore_132,295,11,NONE,0.0,0%,,
Kurkure Masala,Bangalore,Bangalore_133,224,14,NONE,0.0,0%,,
Chicken Breast 500g,Kanpur,Kanpur_222,100,13,NONE,0.0,0%,,
Brown Bun Pack,Mumbai,Mumbai_82,222,0,DONATE,222.0,100.0%,,
Mutton Mince 250g,Bangalore,Bangalore_134,295,11,NONE,0.0,0%,,
Mother Dairy Butter 100g,Bangalore,Bangalore_135,38,6,MONITOR,11.0,28.9%,,
Kurkure Masala,Bangalore,Bangalore_136,224,14,NONE,0.0,0%,,
Kurkure Masala,Bangalore,Bangalore_137,224,14,NONE,0.0,0%,,
Brown Bun Pack,Chennai,Chennai_164,39,8,TRANSFER,,,Nearby High-Demand Store,19.0
White Bread,Bangalore,Bangalore_138,162,10,NONE,0.0,0%,,
Chicken Breast 500g,Kanpur,Kanpur_223,100,13,NONE,0.0,0%,,
Mutton Mince 250g,Delhi,Delhi_187,96,9,NONE,0.0,0%,,
Spinach Bunch,Kanpur,Kanpur_224,145,0,DONATE,145.0,100.0%,,
Amul Milk 500ml,Chennai,Chennai_165,12,8,TRANSFER,,,Nearby High-Demand Store,6.0
Spinach Bunch,Delhi,Delhi_188,268,2,DISCOUNT,187.0,69.8%,,
Fish Fillet 300g,Bangalore,Bangalore_139,228,5,MONITOR,68.0,29.8%,,
Lays Chips 100g,Chennai,Chennai_166,144,2,DISCOUNT,100.0,69.4%,,
Kurkure Masala,Bangalore,Bangalore_140,224,14,NONE,0.0,0%,,
Spinach Bunch,Kanpur,Kanpur_225,115,1,DISCOUNT,80.0,69.6%,,
Multigrain Cookies,Kanpur,Kanpur_226,60,8,NONE,0.0,0%,,
Lays Chips 100g,Chennai,Chennai_167,144,2,DISCOUNT,100.0,69.4%,,
Lays Chips 100g,Chennai,Chennai_168,165,2,DISCOUNT,115.0,69.7%,,
Bingo Mad Angles,Delhi,Delhi_189,60,11,NONE,0.0,0%,,
Nestlé Yogurt 150g,Delhi,Delhi_190,262,0,DONATE,262.0,100.0%,,
Nestlé Yogurt 150g,Bangalore,Bangalore_141,267,0,DONATE,267.0,100.0%,,
Banana 6pcs,Mumbai,Mumbai_83,154,0,DONATE,154.0,100.0%,,
Bingo Mad Angles,Kanpur,Kanpur_227,26,2,DISCOUNT,18.0,69.2%,,
Chicken Breast 500g,Delhi,Delhi_191,47,3,DISCOUNT,32.0,68.1%,,
Multigrain Cookies,Kanpur,Kanpur_228,224,7,MONITOR,67.0,29.9%,,
Chicken Breast 500g,Delhi,Delhi_192,260,13,NONE,0.0,0%,,
White Bread,Bangalore,Bangalore_142,261,12,NONE,0.0,0%,,
Mother Dairy Butter 100g,Bangalore,Bangalore_143,38,6,MONITOR,11.0,28.9%,,
Nestlé Yogurt 150g,Delhi,Delhi_193,217,2,DISCOUNT,151.0,69.6%,,
Banana 6pcs,Mumbai,Mumbai_84,154,0,DONATE,154.0,100.0%,,
Spinach Bunch,Delhi,Delhi_194,268,2,DISCOUNT,187.0,69.8%,,
Bingo Mad Angles,Chennai,Chennai_169,92,6,MONITOR,27.0,29.3%,,
Nestlé Yogurt 150g,Bangalore,Bangalore_144,267,0,DONATE,267.0,100.0%,,
Amul Milk 500ml,Bangalore,Bangalore_145,185,1,DISCOUNT,129.0,69.7%,,
Bingo Mad Angles,Kanpur,Kanpur_229,26,2,DISCOUNT,18.0,69.2%,,
Brown Bun Pack,Kanpur,Kanpur_230,42,0,DONATE,42.0,100.0%,,
Brown Bun Pack,Delhi,Delhi_195,32,5,MONITOR,9.0,28.1%,,
Mutton Mince 250g,Delhi,Delhi_196,265,0,DONATE,265.0,100.0%,,
Brown Bun Pack,Mumbai,Mumbai_85,222,0,DONATE,222.0,100.0%,,
Chicken Breast 500g,Delhi,Delhi_197,47,3,DISCOUNT,32.0,68.1%,,
Bingo Mad Angles,Mumbai,Mumbai_86,63,10,NONE,0.0,0%,,
Mutton Mince 250g,Delhi,Delhi_198,96,9,NONE,0.0,0%,,
Brown Bun Pack,Kanpur,Kanpur_231,42,0,DONATE,42.0,100.0%,,
Lays Chips 100g,Chennai,Chennai_170,144,2,DISCOUNT,100.0,69.4%,,
Spinach Bunch,Delhi,Delhi_199,268,2,DISCOUNT,187.0,69.8%,,
Fish Fillet 300g,Bangalore,Bangalore_146,206,7,MONITOR,61.0,29.6%,,
White Bread,Bangalore,Bangalore_147,162,10,NONE,0.0,0%,,
Bingo Mad Angles,Delhi,Delhi_200,60,11,NONE,0.0,0%,,
Bingo Mad Angles,Chennai,Chennai_171,92,6,MONITOR,27.0,29.3%,,
Mutton Mince 250g,Delhi,Delhi_201,265,0,DONATE,265.0,100.0%,,
Spinach Bunch,Kanpur,Kanpur_232,115,1,DISCOUNT,80.0,69.6%,,
Nestlé Yogurt 150g,Delhi,Delhi_202,262,0,DONATE,262.0,100.0%,,
Kurkure Masala,Bangalore,Bangalore_148,224,14,NONE,0.0,0%,,
Spinach Bunch,Kanpur,Kanpur_233,145,0,DONATE,145.0,100.0%,,
Banana 6pcs,Mumbai,Mumbai_87,154,0,DONATE,154.0,100.0%,,
Chicken Breast 500g,Delhi,Delhi_203,263,2,DISCOUNT,184.0,70.0%,,
Banana 6pcs,Mumbai,Mumbai_88,154,0,DONATE,154.0,100.0%,,
Fish Fillet 300g,Chennai,Chennai_172,40,3,DISCOUNT,28.0,70.0%,,
Nestlé Yogurt 150g,Mumbai,Mumbai_89,201,4,MONITOR,60.0,29.9%,,
Kurkure Masala,Chennai,Chennai_173,283,0,DONATE,283.0,100.0%,,
Brown Bun Pack,Chennai,Chennai_174,39,8,TRANSFER,,,Nearby High-Demand Store,19.0
Brown Bun Pack,Chennai,Chennai_175,39,8,TRANSFER,,,Nearby High-Demand Store,19.0
Chicken Breast 500g,Delhi,Delhi_204,260,13,NONE,0.0,0%,,
Chicken Breast 500g,Delhi,Delhi_205,260,13,NONE,0.0,0%,,
Brown Bun Pack,Chennai,Chennai_176,247,11,TRANSFER,,,Nearby High-Demand Store,123.0
Spinach Bunch,Kanpur,Kanpur_234,145,0,DONATE,145.0,100.0%,,
Mutton Mince 250g,Delhi,Delhi_206,265,0,DONATE,265.0,100.0%,,
Kurkure Masala,Chennai,Chennai_177,59,1,DISCOUNT,41.0,69.5%,,
Amul Milk 500ml,Chennai,Chennai_178,12,8,TRANSFER,,,Nearby High-Demand Store,6.0
Lays Chips 100g,Chennai,Chennai_179,165,2,DISCOUNT,115.0,69.7%,,
Bingo Mad Angles,Chennai,Chennai_180,92,6,MONITOR,27.0,29.3%,,
Nestlé Yogurt 150g,Delhi,Delhi_207,217,2,DISCOUNT,151.0,69.6%,,
Lays Chips 100g,Chennai,Chennai_181,144,2,DISCOUNT,100.0,69.4%,,
Tomato 1kg,Kanpur,Kanpur_235,204,0,DONATE,204.0,100.0%,,
Bingo Mad Angles,Chennai,Chennai_182,92,6,MONITOR,27.0,29.3%,,
Brown Bun Pack,Kanpur,Kanpur_236,42,0,DONATE,42.0,100.0%,,
Fish Fillet 300g,Mumbai,Mumbai_90,37,0,DONATE,37.0,100.0%,,
Amul Milk 500ml,Bangalore,Bangalore_149,185,1,DISCOUNT,129.0,69.7%,,
Fish Fillet 300g,Bangalore,Bangalore_150,206,7,MONITOR,61.0,29.6%,,
Kurkure Masala,Bangalore,Bangalore_151,224,14,NONE,0.0,0%,,
Chicken Breast 500g,Delhi,Delhi_208,263,2,DISCOUNT,184.0,70.0%,,
Mutton Mince 250g,Bangalore,Bangalore_152,295,11,NONE,0.0,0%,,
Kurkure Masala,Delhi,Delhi_209,148,0,DONATE,148.0,100.0%,,
Brown Bun Pack,Mumbai,Mumbai_91,222,0,DONATE,222.0,100.0%,,
Fish Fillet 300g,Bangalore,Bangalore_153,206,7,MONITOR,61.0,29.6%,,
Nestlé Yogurt 150g,Mumbai,Mumbai_92,201,4,MONITOR,60.0,29.9%,,
Mother Dairy Butter 100g,Bangalore,Bangalore_154,38,6,MONITOR,11.0,28.9%,,
Mother Dairy Butter 100g,Kanpur,Kanpur_237,220,1,DISCOUNT,154.0,70.0%,,
Bingo Mad Angles,Chennai,Chennai_183,92,6,MONITOR,27.0,29.3%,,
Amul Milk 500ml,Chennai,Chennai_184,11,6,MONITOR,3.0,27.3%,,
Banana 6pcs,Mumbai,Mumbai_93,154,0,DONATE,154.0,100.0%,,
White Bread,Bangalore,Bangalore_155,261,12,NONE,0.0,0%,,
White Bread,Bangalore,Bangalore_156,261,12,NONE,0.0,0%,,
Spinach Bunch,Kanpur,Kanpur_238,145,0,DONATE,145.0,100.0%,,
Spinach Bunch,Kanpur,Kanpur_239,115,1,DISCOUNT,80.0,69.6%,,
Bingo Mad Angles,Kanpur,Kanpur_240,26,2,DISCOUNT,18.0,69.2%,,
Kurkure Masala,Chennai,Chennai_185,283,0,DONATE,283.0,100.0%,,
Brown Bun Pack,Chennai,Chennai_186,90,16,NONE,0.0,0%,,
Brown Bun Pack,Chennai,Chennai_187,39,8,TRANSFER,,,Nearby High-Demand Store,19.0
Mutton Mince 250g,Delhi,Delhi_210,265,0,DONATE,265.0,100.0%,,
Kurkure Masala,Chennai,Chennai_188,59,1,DISCOUNT,41.0,69.5%,,
Multigrain Cookies,Kanpur,Kanpur_241,224,7,MONITOR,67.0,29.9%,,
Brown Bun Pack,Delhi,Delhi_211,32,5,MONITOR,9.0,28.1%,,
Kurkure Masala,Delhi,Delhi_212,148,0,DONATE,148.0,100.0%,,
Fish Fillet 300g,Chennai,Chennai_189,40,3,DISCOUNT,28.0,70.0%,,
Fish Fillet 300g,Bangalore,Bangalore_157,206,7,MONITOR,61.0,29.6%,,
Fish Fillet 300g,Chennai,Chennai_190,40,3,DISCOUNT,28.0,70.0%,,
Mother Dairy Butter 100g,Bangalore,Bangalore_158,38,6,MONITOR,11.0,28.9%,,
Fish Fillet 300g,Bangalore,Bangalore_159,206,7,MONITOR,61.0,29.6%,,
Nestlé Yogurt 150g,Bangalore,Bangalore_160,267,0,DONATE,267.0,100.0%,,
White Bread,Bangalore,Bangalore_161,261,12,NONE,0.0,0%,,
Brown Bun Pack,Chennai,Chennai_191,90,16,NONE,0.0,0%,,
Mutton Mince 250g,Delhi,Delhi_213,96,9,NONE,0.0,0%,,
Fish Fillet 300g,Bangalore,Bangalore_162,206,7,MONITOR,61.0,29.6%,,
Fish Fillet 300g,Chennai,Chennai_192,40,3,DISCOUNT,28.0,70.0%,,
Spinach Bunch,Delhi,Delhi_214,268,2,DISCOUNT,187.0,69.8%,,
Lays Chips 100g,Kanpur,Kanpur_242,116,0,DONATE,116.0,100.0%,,
Brown Bun Pack,Chennai,Chennai_193,90,16,NONE,0.0,0%,,
White Bread,Bangalore,Bangalore_163,261,12,NONE,0.0,0%,,
Bingo Mad Angles,Kanpur,Kanpur_243,289,15,NONE,0.0,0%,,
Spinach Bunch,Kanpur,Kanpur_244,145,0,DONATE,146.0,100.7%,,
Banana 6pcs,Mumbai,Mumbai_94,154,0,DONATE,154.0,100.0%,,
Multigrain Cookies,Kanpur,Kanpur_245,60,8,NONE,0.0,0%,,
Tomato 1kg,Kanpur,Kanpur_246,204,0,DONATE,204.0,100.0%,,
Chicken Breast 500g,Delhi,Delhi_215,260,13,NONE,0.0,0%,,
Spinach Bunch,Kanpur,Kanpur_247,145,0,DONATE,145.0,100.0%,,
Chicken Breast 500g,Delhi,Delhi_216,260,13,NONE,0.0,0%,,
Spinach Bunch,Kanpur,Kanpur_248,145,0,DONATE,145.0,100.0%,,
Fish Fillet 300g,Bangalore,Bangalore_164,228,5,MONITOR,68.0,29.8%,,
Lays Chips 100g,Kanpur,Kanpur_249,116,0,DONATE,116.0,100.0%,,
Banana 6pcs,Mumbai,Mumbai_95,154,0,DONATE,154.0,100.0%,,
Fish Fillet 300g,Bangalore,Bangalore_165,206,7,MONITOR,61.0,29.6%,,
Nestlé Yogurt 150g,Delhi,Delhi_217,262,0,DONATE,262.0,100.0%,,
Multigrain Cookies,Kanpur,Kanpur_250,224,7,MONITOR,67.0,29.9%,,
Lays Chips 100g,Chennai,Chennai_194,144,2,DISCOUNT,100.0,69.4%,,
Mutton Mince 250g,Delhi,Delhi_218,271,12,TRANSFER,,,Nearby High-Demand Store,135.0
Mutton Mince 250g,Delhi,Delhi_219,271,12,TRANSFER,,,Nearby High-Demand Store,135.0
Spinach Bunch,Kanpur,Kanpur_251,115,1,DISCOUNT,80.0,69.6%,,
Brown Bun Pack,Delhi,Delhi_220,32,5,MONITOR,9.0,28.1%,,
Bingo Mad Angles,Kanpur,Kanpur_252,26,2,DISCOUNT,18.0,69.2%,,
Kurkure Masala,Chennai,Chennai_195,283,0,DONATE,283.0,100.0%,,
Spinach Bunch,Kanpur,Kanpur_253,253,0,DONATE,253.0,100.0%,,
Chicken Breast 500g,Delhi,Delhi_221,263,2,DISCOUNT,184.0,70.0%,,
Brown Bun Pack,Delhi,Delhi_222,32,5,MONITOR,9.0,28.1%,,
Spinach Bunch,Kanpur,Kanpur_254,253,0,DONATE,253.0,100.0%,,
Mutton Mince 250g,Bangalore,Bangalore_166,295,11,NONE,0.0,0%,,
Tomato 1kg,Kanpur,Kanpur_255,204,0,DONATE,204.0,100.0%,,
Fish Fillet 300g,Mumbai,Mumbai_96,37,0,DONATE,37.0,100.0%,,
Tomato 1kg,Kanpur,Kanpur_256,204,0,DONATE,204.0,100.0%,,
Chicken Breast 500g,Delhi,Delhi_223,47,3,DISCOUNT,32.0,68.1%,,
Nestlé Yogurt 150g,Mumbai,Mumbai_97,201,4,MONITOR,60.0,29.9%,,
Amul Milk 500ml,Bangalore,Bangalore_167,185,1,DISCOUNT,129.0,69.7%,,
Nestlé Yogurt 150g,Mumbai,Mumbai_98,201,4,MONITOR,60.0,29.9%,,
Mutton Mince 250g,Delhi,Delhi_224,96,9,NONE,0.0,0%,,
Multigrain Cookies,Kanpur,Kanpur_257,60,8,NONE,0.0,0%,,
Amul Milk 500ml,Bangalore,Bangalore_168,185,1,DISCOUNT,129.0,69.7%,,
Mother Dairy Butter 100g,Bangalore,Bangalore_169,38,6,MONITOR,11.0,28.9%,,
Brown Bun Pack,Chennai,Chennai_196,247,11,TRANSFER,,,Nearby High-Demand Store,123.0
Mutton Mince 250g,Delhi,Delhi_225,265,0,DONATE,265.0,100.0%,,
Banana 6pcs,Mumbai,Mumbai_99,154,0,DONATE,154.0,100.0%,,
Nestlé Yogurt 150g,Bangalore,Bangalore_170,267,0,DONATE,267.0,100.0%,,
Kurkure Masala,Bangalore,Bangalore_171,224,14,NONE,0.0,0%,,
Bingo Mad Angles,Kanpur,Kanpur_258,289,15,NONE,0.0,0%,,
Bingo Mad Angles,Mumbai,Mumbai_100,63,10,NONE,0.0,0%,,
Mutton Mince 250g,Delhi,Delhi_226,265,0,DONATE,265.0,100.0%,,
Nestlé Yogurt 150g,Delhi,Delhi_227,262,0,DONATE,262.0,100.0%,,
Bingo Mad Angles,Chennai,Chennai_197,92,6,MONITOR,27.0,29.3%,,
Banana 6pcs,Mumbai,Mumbai_101,154,0,DONATE,154.0,100.0%,,
White Bread,Bangalore,Bangalore_172,162,10,NONE,0.0,0%,,
Mother Dairy Butter 100g,Kanpur,Kanpur_259,220,1,DISCOUNT,154.0,70.0%,,
Brown Bun Pack,Mumbai,Mumbai_102,222,0,DONATE,222.0,100.0%,,
Lays Chips 100g,Chennai,Chennai_198,165,2,DISCOUNT,115.0,69.7%,,
Fish Fillet 300g,Bangalore,Bangalore_173,206,7,MONITOR,61.0,29.6%,,
Brown Bun Pack,Kanpur,Kanpur_260,42,0,DONATE,42.0,100.0%,,
Kurkure Masala,Chennai,Chennai_199,59,1,DISCOUNT,41.0,69.5%,,
Brown Bun Pack,Mumbai,Mumbai_103,222,0,DONATE,222.0,100.0%,,
Nestlé Yogurt 150g,Delhi,Delhi_228,217,2,DISCOUNT,151.0,69.6%,,
Mutton Mince 250g,Delhi,Delhi_229,96,9,NONE,0.0,0%,,
Amul Milk 500ml,Chennai,Chennai_200,12,8,TRANSFER,,,Nearby High-Demand Store,6.0
Brown Bun Pack,Mumbai,Mumbai_104,222,0,DONATE,221.0,99.5%,,
Bingo Mad Angles,Kanpur,Kanpur_261,26,2,DISCOUNT,18.0,69.2%,,
Bingo Mad Angles,Mumbai,Mumbai_105,63,10,NONE,0.0,0%,,
Bingo Mad Angles,Kanpur,Kanpur_262,26,2,DISCOUNT,18.0,69.2%,,
White Bread,Bangalore,Bangalore_174,261,12,NONE,0.0,0%,,
Mutton Mince 250g,Delhi,Delhi_230,271,12,TRANSFER,,,Nearby High-Demand Store,135.0
Spinach Bunch,Kanpur,Kanpur_263,115,1,DISCOUNT,80.0,69.6%,,
Spinach Bunch,Kanpur,Kanpur_264,145,0,DONATE,145.0,100.0%,,
Brown Bun Pack,Mumbai,Mumbai_106,222,0,DONATE,222.0,100.0%,,
Chicken Breast 500g,Kanpur,Kanpur_265,100,13,NONE,0.0,0%,,
Bingo Mad Angles,Chennai,Chennai_201,92,6,MONITOR,27.0,29.3%,,
Mutton Mince 250g,Bangalore,Bangalore_175,295,11,NONE,0.0,0%,,
Brown Bun Pack,Kanpur,Kanpur_266,42,0,DONATE,42.0,100.0%,,
Bingo Mad Angles,Delhi,Delhi_231,60,11,NONE,0.0,0%,,
Brown Bun Pack,Chennai,Chennai_202,90,16,NONE,0.0,0%,,
Bingo Mad Angles,Kanpur,Kanpur_267,26,2,DISCOUNT,18.0,69.2%,,
Bingo Mad Angles,Mumbai,Mumbai_107,63,10,NONE,0.0,0%,,
Kurkure Masala,Chennai,Chennai_203,59,1,DISCOUNT,41.0,69.5%,,
Brown Bun Pack,Mumbai,Mumbai_108,222,0,DONATE,222.0,100.0%,,
Kurkure Masala,Bangalore,Bangalore_176,224,14,NONE,0.0,0%,,
Kurkure Masala,Chennai,Chennai_204,283,0,DONATE,283.0,100.0%,,
Kurkure Masala,Chennai,Chennai_205,59,1,DISCOUNT,41.0,69.5%,,
Lays Chips 100g,Kanpur,Kanpur_268,116,0,DONATE,116.0,100.0%,,
Multigrain Cookies,Kanpur,Kanpur_269,224,7,MONITOR,67.0,29.9%,,
Nestlé Yogurt 150g,Delhi,Delhi_232,217,2,DISCOUNT,151.0,69.6%,,
Brown Bun Pack,Mumbai,Mumbai_109,222,0,DONATE,222.0,100.0%,,
Kurkure Masala,Chennai,Chennai_206,59,1,DISCOUNT,41.0,69.5%,,
Lays Chips 100g,Kanpur,Kanpur_270,232,11,NONE,0.0,0%,,
Nestlé Yogurt 150g,Mumbai,Mumbai_110,201,4,MONITOR,60.0,29.9%,,
Bingo Mad Angles,Kanpur,Kanpur_271,26,2,DISCOUNT,18.0,69.2%,,
